trait,bp,chr,org,range
Co59,1199647,1,A.thaliana,75000
Co59,1494443,1,A.thaliana,75000
Co59,2436519,1,A.thaliana,75000
Co59,2444859,1,A.thaliana,75000
Co59,2449140,1,A.thaliana,75000
Co59,2452185,1,A.thaliana,75000
Co59,2452949,1,A.thaliana,75000
Co59,2452973,1,A.thaliana,75000
Co59,2457923,1,A.thaliana,75000
Co59,2460624,1,A.thaliana,75000
Co59,2460796,1,A.thaliana,75000
Co59,2461320,1,A.thaliana,75000
Co59,2465652,1,A.thaliana,75000
Co59,2737975,1,A.thaliana,75000
Co59,2850521,1,A.thaliana,75000
Co59,2871929,1,A.thaliana,75000
Co59,2944187,1,A.thaliana,75000
Co59,4831627,1,A.thaliana,75000
Co59,5863596,1,A.thaliana,75000
Co59,6070569,1,A.thaliana,75000
Co59,6077459,1,A.thaliana,75000
Co59,6078960,1,A.thaliana,75000
Co59,6087849,1,A.thaliana,75000
Co59,6089285,1,A.thaliana,75000
Co59,6221598,1,A.thaliana,75000
Co59,6565588,1,A.thaliana,75000
Co59,7424621,1,A.thaliana,75000
Co59,7471845,1,A.thaliana,75000
Co59,7471891,1,A.thaliana,75000
Co59,7505084,1,A.thaliana,75000
Co59,7505904,1,A.thaliana,75000
Co59,7505944,1,A.thaliana,75000
Co59,7505946,1,A.thaliana,75000
Co59,7960299,1,A.thaliana,75000
Co59,8317352,1,A.thaliana,75000
Co59,8317943,1,A.thaliana,75000
Co59,8319594,1,A.thaliana,75000
Co59,9762697,1,A.thaliana,75000
Co59,10235696,1,A.thaliana,75000
Co59,10667804,1,A.thaliana,75000
Co59,10668251,1,A.thaliana,75000
Co59,10672971,1,A.thaliana,75000
Co59,10674599,1,A.thaliana,75000
Co59,10675493,1,A.thaliana,75000
Co59,10677685,1,A.thaliana,75000
Co59,10677789,1,A.thaliana,75000
Co59,10678392,1,A.thaliana,75000
Co59,10698046,1,A.thaliana,75000
Co59,10703324,1,A.thaliana,75000
Co59,11111078,1,A.thaliana,75000
Co59,11662261,1,A.thaliana,75000
Co59,11879997,1,A.thaliana,75000
Co59,12620301,1,A.thaliana,75000
Co59,12877063,1,A.thaliana,75000
Co59,13012852,1,A.thaliana,75000
Co59,13036984,1,A.thaliana,75000
Co59,13036985,1,A.thaliana,75000
Co59,13521661,1,A.thaliana,75000
Co59,13521684,1,A.thaliana,75000
Co59,13521898,1,A.thaliana,75000
Co59,13521946,1,A.thaliana,75000
Co59,13521970,1,A.thaliana,75000
Co59,13522045,1,A.thaliana,75000
Co59,13522061,1,A.thaliana,75000
Co59,13522393,1,A.thaliana,75000
Co59,13522488,1,A.thaliana,75000
Co59,13522625,1,A.thaliana,75000
Co59,13523179,1,A.thaliana,75000
Co59,13523723,1,A.thaliana,75000
Co59,13524302,1,A.thaliana,75000
Co59,13524664,1,A.thaliana,75000
Co59,13524952,1,A.thaliana,75000
Co59,13525836,1,A.thaliana,75000
Co59,13525872,1,A.thaliana,75000
Co59,13526077,1,A.thaliana,75000
Co59,13526603,1,A.thaliana,75000
Co59,13526881,1,A.thaliana,75000
Co59,13526921,1,A.thaliana,75000
Co59,13527794,1,A.thaliana,75000
Co59,13842294,1,A.thaliana,75000
Co59,14448670,1,A.thaliana,75000
Co59,14609363,1,A.thaliana,75000
Co59,15959802,1,A.thaliana,75000
Co59,16021174,1,A.thaliana,75000
Co59,16021840,1,A.thaliana,75000
Co59,16027342,1,A.thaliana,75000
Co59,16027420,1,A.thaliana,75000
Co59,16027421,1,A.thaliana,75000
Co59,16027444,1,A.thaliana,75000
Co59,16027445,1,A.thaliana,75000
Co59,16110339,1,A.thaliana,75000
Co59,16110398,1,A.thaliana,75000
Co59,16110414,1,A.thaliana,75000
Co59,16110441,1,A.thaliana,75000
Co59,16110893,1,A.thaliana,75000
Co59,16110911,1,A.thaliana,75000
Co59,16226914,1,A.thaliana,75000
Co59,16226941,1,A.thaliana,75000
Co59,16642983,1,A.thaliana,75000
Co59,17616076,1,A.thaliana,75000
Co59,17619715,1,A.thaliana,75000
Co59,17619818,1,A.thaliana,75000
Co59,17620044,1,A.thaliana,75000
Co59,17620168,1,A.thaliana,75000
Co59,17622638,1,A.thaliana,75000
Co59,17622665,1,A.thaliana,75000
Co59,17622777,1,A.thaliana,75000
Co59,17622781,1,A.thaliana,75000
Co59,17623055,1,A.thaliana,75000
Co59,17623193,1,A.thaliana,75000
Co59,17623195,1,A.thaliana,75000
Co59,17623217,1,A.thaliana,75000
Co59,17623246,1,A.thaliana,75000
Co59,17623305,1,A.thaliana,75000
Co59,17623325,1,A.thaliana,75000
Co59,17623347,1,A.thaliana,75000
Co59,17623594,1,A.thaliana,75000
Co59,17623607,1,A.thaliana,75000
Co59,17623942,1,A.thaliana,75000
Co59,19446582,1,A.thaliana,75000
Co59,20929116,1,A.thaliana,75000
Co59,20929498,1,A.thaliana,75000
Co59,20929550,1,A.thaliana,75000
Co59,20929554,1,A.thaliana,75000
Co59,20929571,1,A.thaliana,75000
Co59,20929574,1,A.thaliana,75000
Co59,20929608,1,A.thaliana,75000
Co59,20929611,1,A.thaliana,75000
Co59,20929615,1,A.thaliana,75000
Co59,20929619,1,A.thaliana,75000
Co59,20929630,1,A.thaliana,75000
Co59,23153603,1,A.thaliana,75000
Co59,23713781,1,A.thaliana,75000
Co59,23745461,1,A.thaliana,75000
Co59,23745488,1,A.thaliana,75000
Co59,23745537,1,A.thaliana,75000
Co59,23745623,1,A.thaliana,75000
Co59,23745655,1,A.thaliana,75000
Co59,23745679,1,A.thaliana,75000
Co59,23745687,1,A.thaliana,75000
Co59,23747065,1,A.thaliana,75000
Co59,25728774,1,A.thaliana,75000
Co59,25728801,1,A.thaliana,75000
Co59,25729577,1,A.thaliana,75000
Co59,25729729,1,A.thaliana,75000
Co59,25729753,1,A.thaliana,75000
Co59,28456274,1,A.thaliana,75000
Co59,28462206,1,A.thaliana,75000
Co59,28493197,1,A.thaliana,75000
Co59,28493872,1,A.thaliana,75000
Co59,28552367,1,A.thaliana,75000
Co59,28552411,1,A.thaliana,75000
Co59,28554192,1,A.thaliana,75000
Co59,28555278,1,A.thaliana,75000
Co59,28557349,1,A.thaliana,75000
Co59,28557471,1,A.thaliana,75000
Co59,28558230,1,A.thaliana,75000
Co59,28560922,1,A.thaliana,75000
Co59,28569126,1,A.thaliana,75000
Co59,28572716,1,A.thaliana,75000
Co59,28574485,1,A.thaliana,75000
Co59,29488788,1,A.thaliana,75000
Co59,150942,2,A.thaliana,75000
Co59,793504,2,A.thaliana,75000
Co59,793803,2,A.thaliana,75000
Co59,793950,2,A.thaliana,75000
Co59,794129,2,A.thaliana,75000
Co59,794263,2,A.thaliana,75000
Co59,794860,2,A.thaliana,75000
Co59,795301,2,A.thaliana,75000
Co59,795681,2,A.thaliana,75000
Co59,795798,2,A.thaliana,75000
Co59,796694,2,A.thaliana,75000
Co59,796822,2,A.thaliana,75000
Co59,801121,2,A.thaliana,75000
Co59,801517,2,A.thaliana,75000
Co59,802047,2,A.thaliana,75000
Co59,804642,2,A.thaliana,75000
Co59,806542,2,A.thaliana,75000
Co59,810771,2,A.thaliana,75000
Co59,878514,2,A.thaliana,75000
Co59,889543,2,A.thaliana,75000
Co59,1195935,2,A.thaliana,75000
Co59,1238582,2,A.thaliana,75000
Co59,1240074,2,A.thaliana,75000
Co59,1241958,2,A.thaliana,75000
Co59,1242110,2,A.thaliana,75000
Co59,1242512,2,A.thaliana,75000
Co59,1242734,2,A.thaliana,75000
Co59,1242963,2,A.thaliana,75000
Co59,1243702,2,A.thaliana,75000
Co59,1244417,2,A.thaliana,75000
Co59,1246126,2,A.thaliana,75000
Co59,1246874,2,A.thaliana,75000
Co59,1576124,2,A.thaliana,75000
Co59,1576446,2,A.thaliana,75000
Co59,1583312,2,A.thaliana,75000
Co59,1586002,2,A.thaliana,75000
Co59,1586460,2,A.thaliana,75000
Co59,1593067,2,A.thaliana,75000
Co59,2324886,2,A.thaliana,75000
Co59,2347164,2,A.thaliana,75000
Co59,2704425,2,A.thaliana,75000
Co59,2762163,2,A.thaliana,75000
Co59,2788802,2,A.thaliana,75000
Co59,2889040,2,A.thaliana,75000
Co59,3521083,2,A.thaliana,75000
Co59,3642219,2,A.thaliana,75000
Co59,3824910,2,A.thaliana,75000
Co59,4932687,2,A.thaliana,75000
Co59,4932786,2,A.thaliana,75000
Co59,4933141,2,A.thaliana,75000
Co59,6351949,2,A.thaliana,75000
Co59,6389858,2,A.thaliana,75000
Co59,6389921,2,A.thaliana,75000
Co59,6428070,2,A.thaliana,75000
Co59,6428445,2,A.thaliana,75000
Co59,6428480,2,A.thaliana,75000
Co59,7006855,2,A.thaliana,75000
Co59,7019812,2,A.thaliana,75000
Co59,7022827,2,A.thaliana,75000
Co59,7024956,2,A.thaliana,75000
Co59,7026073,2,A.thaliana,75000
Co59,7027975,2,A.thaliana,75000
Co59,7030116,2,A.thaliana,75000
Co59,7033818,2,A.thaliana,75000
Co59,7175361,2,A.thaliana,75000
Co59,7454550,2,A.thaliana,75000
Co59,7597444,2,A.thaliana,75000
Co59,7879292,2,A.thaliana,75000
Co59,7883810,2,A.thaliana,75000
Co59,7884082,2,A.thaliana,75000
Co59,8455024,2,A.thaliana,75000
Co59,9227412,2,A.thaliana,75000
Co59,9229237,2,A.thaliana,75000
Co59,9230755,2,A.thaliana,75000
Co59,11221493,2,A.thaliana,75000
Co59,11266871,2,A.thaliana,75000
Co59,11373060,2,A.thaliana,75000
Co59,11755864,2,A.thaliana,75000
Co59,12153541,2,A.thaliana,75000
Co59,12153543,2,A.thaliana,75000
Co59,12153573,2,A.thaliana,75000
Co59,12153579,2,A.thaliana,75000
Co59,12153593,2,A.thaliana,75000
Co59,12153609,2,A.thaliana,75000
Co59,12153627,2,A.thaliana,75000
Co59,12153631,2,A.thaliana,75000
Co59,12153642,2,A.thaliana,75000
Co59,12153656,2,A.thaliana,75000
Co59,12153663,2,A.thaliana,75000
Co59,12153677,2,A.thaliana,75000
Co59,12153694,2,A.thaliana,75000
Co59,12153736,2,A.thaliana,75000
Co59,12153746,2,A.thaliana,75000
Co59,12153803,2,A.thaliana,75000
Co59,12153945,2,A.thaliana,75000
Co59,12153954,2,A.thaliana,75000
Co59,12153962,2,A.thaliana,75000
Co59,12153971,2,A.thaliana,75000
Co59,12153985,2,A.thaliana,75000
Co59,12153987,2,A.thaliana,75000
Co59,12154015,2,A.thaliana,75000
Co59,12154032,2,A.thaliana,75000
Co59,12154038,2,A.thaliana,75000
Co59,12154053,2,A.thaliana,75000
Co59,12154086,2,A.thaliana,75000
Co59,12154134,2,A.thaliana,75000
Co59,12154276,2,A.thaliana,75000
Co59,12154289,2,A.thaliana,75000
Co59,12154301,2,A.thaliana,75000
Co59,12154325,2,A.thaliana,75000
Co59,12154337,2,A.thaliana,75000
Co59,12154396,2,A.thaliana,75000
Co59,12154443,2,A.thaliana,75000
Co59,12154491,2,A.thaliana,75000
Co59,12154595,2,A.thaliana,75000
Co59,12154601,2,A.thaliana,75000
Co59,12154610,2,A.thaliana,75000
Co59,12154615,2,A.thaliana,75000
Co59,12154623,2,A.thaliana,75000
Co59,12154668,2,A.thaliana,75000
Co59,12154748,2,A.thaliana,75000
Co59,12154772,2,A.thaliana,75000
Co59,12154797,2,A.thaliana,75000
Co59,12154872,2,A.thaliana,75000
Co59,12154926,2,A.thaliana,75000
Co59,12154941,2,A.thaliana,75000
Co59,12154975,2,A.thaliana,75000
Co59,12154980,2,A.thaliana,75000
Co59,12155095,2,A.thaliana,75000
Co59,12155133,2,A.thaliana,75000
Co59,12155143,2,A.thaliana,75000
Co59,12155149,2,A.thaliana,75000
Co59,12155153,2,A.thaliana,75000
Co59,12155173,2,A.thaliana,75000
Co59,12155219,2,A.thaliana,75000
Co59,12155220,2,A.thaliana,75000
Co59,12155224,2,A.thaliana,75000
Co59,12155230,2,A.thaliana,75000
Co59,12155238,2,A.thaliana,75000
Co59,12155272,2,A.thaliana,75000
Co59,12155924,2,A.thaliana,75000
Co59,12155939,2,A.thaliana,75000
Co59,12155949,2,A.thaliana,75000
Co59,12156049,2,A.thaliana,75000
Co59,12156167,2,A.thaliana,75000
Co59,12156195,2,A.thaliana,75000
Co59,12156223,2,A.thaliana,75000
Co59,12156229,2,A.thaliana,75000
Co59,12156244,2,A.thaliana,75000
Co59,12156288,2,A.thaliana,75000
Co59,12156353,2,A.thaliana,75000
Co59,12156389,2,A.thaliana,75000
Co59,12156390,2,A.thaliana,75000
Co59,12156391,2,A.thaliana,75000
Co59,12156465,2,A.thaliana,75000
Co59,12156480,2,A.thaliana,75000
Co59,12156500,2,A.thaliana,75000
Co59,12156541,2,A.thaliana,75000
Co59,12156584,2,A.thaliana,75000
Co59,12156591,2,A.thaliana,75000
Co59,12156720,2,A.thaliana,75000
Co59,12156732,2,A.thaliana,75000
Co59,12157310,2,A.thaliana,75000
Co59,12157322,2,A.thaliana,75000
Co59,12157346,2,A.thaliana,75000
Co59,12157358,2,A.thaliana,75000
Co59,12157361,2,A.thaliana,75000
Co59,12157426,2,A.thaliana,75000
Co59,12157485,2,A.thaliana,75000
Co59,12157497,2,A.thaliana,75000
Co59,12157549,2,A.thaliana,75000
Co59,12157559,2,A.thaliana,75000
Co59,12157562,2,A.thaliana,75000
Co59,12157564,2,A.thaliana,75000
Co59,12157733,2,A.thaliana,75000
Co59,12157755,2,A.thaliana,75000
Co59,12157893,2,A.thaliana,75000
Co59,12157908,2,A.thaliana,75000
Co59,12157914,2,A.thaliana,75000
Co59,12157937,2,A.thaliana,75000
Co59,12157944,2,A.thaliana,75000
Co59,12157980,2,A.thaliana,75000
Co59,12158047,2,A.thaliana,75000
Co59,12158050,2,A.thaliana,75000
Co59,12158111,2,A.thaliana,75000
Co59,12158116,2,A.thaliana,75000
Co59,12158119,2,A.thaliana,75000
Co59,12158128,2,A.thaliana,75000
Co59,12158173,2,A.thaliana,75000
Co59,12158203,2,A.thaliana,75000
Co59,12158272,2,A.thaliana,75000
Co59,12158275,2,A.thaliana,75000
Co59,12158278,2,A.thaliana,75000
Co59,12158320,2,A.thaliana,75000
Co59,12158329,2,A.thaliana,75000
Co59,12158356,2,A.thaliana,75000
Co59,12158384,2,A.thaliana,75000
Co59,12158389,2,A.thaliana,75000
Co59,12158437,2,A.thaliana,75000
Co59,12158440,2,A.thaliana,75000
Co59,12158544,2,A.thaliana,75000
Co59,12158550,2,A.thaliana,75000
Co59,12158551,2,A.thaliana,75000
Co59,12158563,2,A.thaliana,75000
Co59,12158578,2,A.thaliana,75000
Co59,12158587,2,A.thaliana,75000
Co59,12158652,2,A.thaliana,75000
Co59,12158656,2,A.thaliana,75000
Co59,12158669,2,A.thaliana,75000
Co59,12158684,2,A.thaliana,75000
Co59,12158785,2,A.thaliana,75000
Co59,12158829,2,A.thaliana,75000
Co59,12158947,2,A.thaliana,75000
Co59,12158955,2,A.thaliana,75000
Co59,12158976,2,A.thaliana,75000
Co59,12158979,2,A.thaliana,75000
Co59,12158988,2,A.thaliana,75000
Co59,12159058,2,A.thaliana,75000
Co59,12159059,2,A.thaliana,75000
Co59,12159078,2,A.thaliana,75000
Co59,12159104,2,A.thaliana,75000
Co59,12159131,2,A.thaliana,75000
Co59,12159179,2,A.thaliana,75000
Co59,12159225,2,A.thaliana,75000
Co59,12159235,2,A.thaliana,75000
Co59,12159239,2,A.thaliana,75000
Co59,12159258,2,A.thaliana,75000
Co59,12159565,2,A.thaliana,75000
Co59,12159566,2,A.thaliana,75000
Co59,12159578,2,A.thaliana,75000
Co59,12159587,2,A.thaliana,75000
Co59,12159590,2,A.thaliana,75000
Co59,12159592,2,A.thaliana,75000
Co59,12159616,2,A.thaliana,75000
Co59,12159636,2,A.thaliana,75000
Co59,12159637,2,A.thaliana,75000
Co59,12159748,2,A.thaliana,75000
Co59,12159841,2,A.thaliana,75000
Co59,12159847,2,A.thaliana,75000
Co59,12159872,2,A.thaliana,75000
Co59,12159885,2,A.thaliana,75000
Co59,12159911,2,A.thaliana,75000
Co59,12159956,2,A.thaliana,75000
Co59,12160005,2,A.thaliana,75000
Co59,12160019,2,A.thaliana,75000
Co59,12160050,2,A.thaliana,75000
Co59,12160061,2,A.thaliana,75000
Co59,12160068,2,A.thaliana,75000
Co59,12160089,2,A.thaliana,75000
Co59,12160094,2,A.thaliana,75000
Co59,12160103,2,A.thaliana,75000
Co59,12160168,2,A.thaliana,75000
Co59,12160171,2,A.thaliana,75000
Co59,12160207,2,A.thaliana,75000
Co59,12160222,2,A.thaliana,75000
Co59,12160229,2,A.thaliana,75000
Co59,12160241,2,A.thaliana,75000
Co59,12160310,2,A.thaliana,75000
Co59,12160312,2,A.thaliana,75000
Co59,12160321,2,A.thaliana,75000
Co59,12160323,2,A.thaliana,75000
Co59,12160329,2,A.thaliana,75000
Co59,12160332,2,A.thaliana,75000
Co59,12160350,2,A.thaliana,75000
Co59,12160351,2,A.thaliana,75000
Co59,12160362,2,A.thaliana,75000
Co59,12160473,2,A.thaliana,75000
Co59,12160580,2,A.thaliana,75000
Co59,12160590,2,A.thaliana,75000
Co59,12160641,2,A.thaliana,75000
Co59,12160732,2,A.thaliana,75000
Co59,12160737,2,A.thaliana,75000
Co59,12160915,2,A.thaliana,75000
Co59,12161125,2,A.thaliana,75000
Co59,12161126,2,A.thaliana,75000
Co59,12161127,2,A.thaliana,75000
Co59,12161180,2,A.thaliana,75000
Co59,12161218,2,A.thaliana,75000
Co59,12161222,2,A.thaliana,75000
Co59,12161600,2,A.thaliana,75000
Co59,12161610,2,A.thaliana,75000
Co59,12161613,2,A.thaliana,75000
Co59,12161831,2,A.thaliana,75000
Co59,12161837,2,A.thaliana,75000
Co59,12161859,2,A.thaliana,75000
Co59,12161924,2,A.thaliana,75000
Co59,12162124,2,A.thaliana,75000
Co59,12162136,2,A.thaliana,75000
Co59,12162455,2,A.thaliana,75000
Co59,12166687,2,A.thaliana,75000
Co59,12348290,2,A.thaliana,75000
Co59,12348491,2,A.thaliana,75000
Co59,12348991,2,A.thaliana,75000
Co59,12364981,2,A.thaliana,75000
Co59,12391342,2,A.thaliana,75000
Co59,12391349,2,A.thaliana,75000
Co59,12393829,2,A.thaliana,75000
Co59,12584521,2,A.thaliana,75000
Co59,12588599,2,A.thaliana,75000
Co59,12702360,2,A.thaliana,75000
Co59,13462172,2,A.thaliana,75000
Co59,14035413,2,A.thaliana,75000
Co59,14035515,2,A.thaliana,75000
Co59,14035666,2,A.thaliana,75000
Co59,14036569,2,A.thaliana,75000
Co59,14038138,2,A.thaliana,75000
Co59,14572309,2,A.thaliana,75000
Co59,15260611,2,A.thaliana,75000
Co59,16299245,2,A.thaliana,75000
Co59,16300742,2,A.thaliana,75000
Co59,16302341,2,A.thaliana,75000
Co59,16302372,2,A.thaliana,75000
Co59,16303109,2,A.thaliana,75000
Co59,16306592,2,A.thaliana,75000
Co59,16319393,2,A.thaliana,75000
Co59,16327494,2,A.thaliana,75000
Co59,16329414,2,A.thaliana,75000
Co59,16329960,2,A.thaliana,75000
Co59,16332146,2,A.thaliana,75000
Co59,16333398,2,A.thaliana,75000
Co59,16333795,2,A.thaliana,75000
Co59,16333855,2,A.thaliana,75000
Co59,16334013,2,A.thaliana,75000
Co59,16335565,2,A.thaliana,75000
Co59,16336785,2,A.thaliana,75000
Co59,16336836,2,A.thaliana,75000
Co59,16337142,2,A.thaliana,75000
Co59,16338309,2,A.thaliana,75000
Co59,16338334,2,A.thaliana,75000
Co59,16338337,2,A.thaliana,75000
Co59,16338518,2,A.thaliana,75000
Co59,16338630,2,A.thaliana,75000
Co59,16339687,2,A.thaliana,75000
Co59,16339735,2,A.thaliana,75000
Co59,16339896,2,A.thaliana,75000
Co59,16341112,2,A.thaliana,75000
Co59,16341428,2,A.thaliana,75000
Co59,16341560,2,A.thaliana,75000
Co59,16342933,2,A.thaliana,75000
Co59,16343168,2,A.thaliana,75000
Co59,16347073,2,A.thaliana,75000
Co59,16347347,2,A.thaliana,75000
Co59,16349036,2,A.thaliana,75000
Co59,16352606,2,A.thaliana,75000
Co59,16355892,2,A.thaliana,75000
Co59,16363309,2,A.thaliana,75000
Co59,16364019,2,A.thaliana,75000
Co59,16365206,2,A.thaliana,75000
Co59,16485944,2,A.thaliana,75000
Co59,16487081,2,A.thaliana,75000
Co59,16701965,2,A.thaliana,75000
Co59,16702029,2,A.thaliana,75000
Co59,16702126,2,A.thaliana,75000
Co59,16866456,2,A.thaliana,75000
Co59,17108112,2,A.thaliana,75000
Co59,17196876,2,A.thaliana,75000
Co59,19079486,2,A.thaliana,75000
Co59,19079561,2,A.thaliana,75000
Co59,19079918,2,A.thaliana,75000
Co59,19079925,2,A.thaliana,75000
Co59,19080230,2,A.thaliana,75000
Co59,19080254,2,A.thaliana,75000
Co59,19080362,2,A.thaliana,75000
Co59,19080403,2,A.thaliana,75000
Co59,19080404,2,A.thaliana,75000
Co59,19080498,2,A.thaliana,75000
Co59,19080501,2,A.thaliana,75000
Co59,19080503,2,A.thaliana,75000
Co59,19080530,2,A.thaliana,75000
Co59,19080551,2,A.thaliana,75000
Co59,19080554,2,A.thaliana,75000
Co59,19080607,2,A.thaliana,75000
Co59,19080795,2,A.thaliana,75000
Co59,19080838,2,A.thaliana,75000
Co59,19080915,2,A.thaliana,75000
Co59,19080959,2,A.thaliana,75000
Co59,19081717,2,A.thaliana,75000
Co59,19082248,2,A.thaliana,75000
Co59,19201823,2,A.thaliana,75000
Co59,266077,3,A.thaliana,75000
Co59,1955567,3,A.thaliana,75000
Co59,3557705,3,A.thaliana,75000
Co59,3557880,3,A.thaliana,75000
Co59,3847186,3,A.thaliana,75000
Co59,3847417,3,A.thaliana,75000
Co59,3847685,3,A.thaliana,75000
Co59,5578286,3,A.thaliana,75000
Co59,6164350,3,A.thaliana,75000
Co59,6164355,3,A.thaliana,75000
Co59,7339024,3,A.thaliana,75000
Co59,7386883,3,A.thaliana,75000
Co59,7397898,3,A.thaliana,75000
Co59,7758331,3,A.thaliana,75000
Co59,8059295,3,A.thaliana,75000
Co59,8060216,3,A.thaliana,75000
Co59,8063189,3,A.thaliana,75000
Co59,8268959,3,A.thaliana,75000
Co59,8407767,3,A.thaliana,75000
Co59,8491304,3,A.thaliana,75000
Co59,8576243,3,A.thaliana,75000
Co59,8579091,3,A.thaliana,75000
Co59,8581412,3,A.thaliana,75000
Co59,8659018,3,A.thaliana,75000
Co59,8660606,3,A.thaliana,75000
Co59,8662033,3,A.thaliana,75000
Co59,9520558,3,A.thaliana,75000
Co59,9636842,3,A.thaliana,75000
Co59,9636913,3,A.thaliana,75000
Co59,9636944,3,A.thaliana,75000
Co59,9976193,3,A.thaliana,75000
Co59,9977189,3,A.thaliana,75000
Co59,9977362,3,A.thaliana,75000
Co59,10781894,3,A.thaliana,75000
Co59,11270566,3,A.thaliana,75000
Co59,11478254,3,A.thaliana,75000
Co59,13410688,3,A.thaliana,75000
Co59,13443290,3,A.thaliana,75000
Co59,14186175,3,A.thaliana,75000
Co59,14325886,3,A.thaliana,75000
Co59,14836114,3,A.thaliana,75000
Co59,14962833,3,A.thaliana,75000
Co59,14962834,3,A.thaliana,75000
Co59,15114897,3,A.thaliana,75000
Co59,15116369,3,A.thaliana,75000
Co59,15302192,3,A.thaliana,75000
Co59,15618545,3,A.thaliana,75000
Co59,15620096,3,A.thaliana,75000
Co59,15652707,3,A.thaliana,75000
Co59,15818398,3,A.thaliana,75000
Co59,15991682,3,A.thaliana,75000
Co59,16391689,3,A.thaliana,75000
Co59,16516084,3,A.thaliana,75000
Co59,16516854,3,A.thaliana,75000
Co59,16522697,3,A.thaliana,75000
Co59,16524095,3,A.thaliana,75000
Co59,16610565,3,A.thaliana,75000
Co59,17904179,3,A.thaliana,75000
Co59,18362426,3,A.thaliana,75000
Co59,18728157,3,A.thaliana,75000
Co59,19633795,3,A.thaliana,75000
Co59,20583054,3,A.thaliana,75000
Co59,20770493,3,A.thaliana,75000
Co59,21449990,3,A.thaliana,75000
Co59,21449996,3,A.thaliana,75000
Co59,21450492,3,A.thaliana,75000
Co59,21450510,3,A.thaliana,75000
Co59,180809,4,A.thaliana,75000
Co59,496589,4,A.thaliana,75000
Co59,800347,4,A.thaliana,75000
Co59,1028509,4,A.thaliana,75000
Co59,1838677,4,A.thaliana,75000
Co59,3461662,4,A.thaliana,75000
Co59,3461907,4,A.thaliana,75000
Co59,3462174,4,A.thaliana,75000
Co59,3462225,4,A.thaliana,75000
Co59,4023223,4,A.thaliana,75000
Co59,4833444,4,A.thaliana,75000
Co59,4945239,4,A.thaliana,75000
Co59,5169247,4,A.thaliana,75000
Co59,5176787,4,A.thaliana,75000
Co59,5210583,4,A.thaliana,75000
Co59,5211215,4,A.thaliana,75000
Co59,5237955,4,A.thaliana,75000
Co59,5241828,4,A.thaliana,75000
Co59,5333737,4,A.thaliana,75000
Co59,5371765,4,A.thaliana,75000
Co59,5371919,4,A.thaliana,75000
Co59,5371924,4,A.thaliana,75000
Co59,5373640,4,A.thaliana,75000
Co59,5373667,4,A.thaliana,75000
Co59,5374516,4,A.thaliana,75000
Co59,5375217,4,A.thaliana,75000
Co59,5378499,4,A.thaliana,75000
Co59,5379151,4,A.thaliana,75000
Co59,5379241,4,A.thaliana,75000
Co59,5381277,4,A.thaliana,75000
Co59,5381349,4,A.thaliana,75000
Co59,5381923,4,A.thaliana,75000
Co59,5382197,4,A.thaliana,75000
Co59,5383084,4,A.thaliana,75000
Co59,5383283,4,A.thaliana,75000
Co59,5383990,4,A.thaliana,75000
Co59,5386691,4,A.thaliana,75000
Co59,5394238,4,A.thaliana,75000
Co59,5502826,4,A.thaliana,75000
Co59,5528098,4,A.thaliana,75000
Co59,5724700,4,A.thaliana,75000
Co59,5724789,4,A.thaliana,75000
Co59,5724795,4,A.thaliana,75000
Co59,5724843,4,A.thaliana,75000
Co59,5724993,4,A.thaliana,75000
Co59,5725014,4,A.thaliana,75000
Co59,5725024,4,A.thaliana,75000
Co59,5725043,4,A.thaliana,75000
Co59,5725089,4,A.thaliana,75000
Co59,5725103,4,A.thaliana,75000
Co59,5725190,4,A.thaliana,75000
Co59,5725304,4,A.thaliana,75000
Co59,5725319,4,A.thaliana,75000
Co59,5725328,4,A.thaliana,75000
Co59,5725451,4,A.thaliana,75000
Co59,5725559,4,A.thaliana,75000
Co59,5725625,4,A.thaliana,75000
Co59,5725736,4,A.thaliana,75000
Co59,5725778,4,A.thaliana,75000
Co59,5725943,4,A.thaliana,75000
Co59,5727492,4,A.thaliana,75000
Co59,5728257,4,A.thaliana,75000
Co59,5728442,4,A.thaliana,75000
Co59,5728444,4,A.thaliana,75000
Co59,6460614,4,A.thaliana,75000
Co59,6469018,4,A.thaliana,75000
Co59,6470683,4,A.thaliana,75000
Co59,6934529,4,A.thaliana,75000
Co59,6966419,4,A.thaliana,75000
Co59,7153964,4,A.thaliana,75000
Co59,7154119,4,A.thaliana,75000
Co59,7154177,4,A.thaliana,75000
Co59,7154759,4,A.thaliana,75000
Co59,7154997,4,A.thaliana,75000
Co59,7155168,4,A.thaliana,75000
Co59,7155242,4,A.thaliana,75000
Co59,7155400,4,A.thaliana,75000
Co59,7155540,4,A.thaliana,75000
Co59,7156022,4,A.thaliana,75000
Co59,7783193,4,A.thaliana,75000
Co59,7897648,4,A.thaliana,75000
Co59,8001269,4,A.thaliana,75000
Co59,8453749,4,A.thaliana,75000
Co59,8453779,4,A.thaliana,75000
Co59,8630827,4,A.thaliana,75000
Co59,8631316,4,A.thaliana,75000
Co59,8631882,4,A.thaliana,75000
Co59,8633515,4,A.thaliana,75000
Co59,8633553,4,A.thaliana,75000
Co59,9004979,4,A.thaliana,75000
Co59,9016426,4,A.thaliana,75000
Co59,9159021,4,A.thaliana,75000
Co59,9353634,4,A.thaliana,75000
Co59,9356144,4,A.thaliana,75000
Co59,9356755,4,A.thaliana,75000
Co59,9357853,4,A.thaliana,75000
Co59,9603557,4,A.thaliana,75000
Co59,9605099,4,A.thaliana,75000
Co59,9612780,4,A.thaliana,75000
Co59,9613758,4,A.thaliana,75000
Co59,9620880,4,A.thaliana,75000
Co59,9621525,4,A.thaliana,75000
Co59,9630919,4,A.thaliana,75000
Co59,9640703,4,A.thaliana,75000
Co59,9648992,4,A.thaliana,75000
Co59,9656856,4,A.thaliana,75000
Co59,9671825,4,A.thaliana,75000
Co59,9675859,4,A.thaliana,75000
Co59,9678877,4,A.thaliana,75000
Co59,9679687,4,A.thaliana,75000
Co59,9682640,4,A.thaliana,75000
Co59,9685144,4,A.thaliana,75000
Co59,9687632,4,A.thaliana,75000
Co59,9687885,4,A.thaliana,75000
Co59,9688353,4,A.thaliana,75000
Co59,9688714,4,A.thaliana,75000
Co59,9689935,4,A.thaliana,75000
Co59,9692358,4,A.thaliana,75000
Co59,9697263,4,A.thaliana,75000
Co59,9700295,4,A.thaliana,75000
Co59,9706176,4,A.thaliana,75000
Co59,9708811,4,A.thaliana,75000
Co59,9712682,4,A.thaliana,75000
Co59,9713269,4,A.thaliana,75000
Co59,9714041,4,A.thaliana,75000
Co59,9714132,4,A.thaliana,75000
Co59,9715507,4,A.thaliana,75000
Co59,9726291,4,A.thaliana,75000
Co59,9759195,4,A.thaliana,75000
Co59,9764885,4,A.thaliana,75000
Co59,10464058,4,A.thaliana,75000
Co59,10492272,4,A.thaliana,75000
Co59,10492756,4,A.thaliana,75000
Co59,10493563,4,A.thaliana,75000
Co59,10514327,4,A.thaliana,75000
Co59,10759520,4,A.thaliana,75000
Co59,11027504,4,A.thaliana,75000
Co59,12225484,4,A.thaliana,75000
Co59,14185199,4,A.thaliana,75000
Co59,16314405,4,A.thaliana,75000
Co59,16896142,4,A.thaliana,75000
Co59,17026208,4,A.thaliana,75000
Co59,17773299,4,A.thaliana,75000
Co59,163013,5,A.thaliana,75000
Co59,165447,5,A.thaliana,75000
Co59,167565,5,A.thaliana,75000
Co59,167731,5,A.thaliana,75000
Co59,168564,5,A.thaliana,75000
Co59,171516,5,A.thaliana,75000
Co59,172212,5,A.thaliana,75000
Co59,172553,5,A.thaliana,75000
Co59,174865,5,A.thaliana,75000
Co59,175908,5,A.thaliana,75000
Co59,177248,5,A.thaliana,75000
Co59,231011,5,A.thaliana,75000
Co59,261157,5,A.thaliana,75000
Co59,261190,5,A.thaliana,75000
Co59,261203,5,A.thaliana,75000
Co59,261286,5,A.thaliana,75000
Co59,261340,5,A.thaliana,75000
Co59,261403,5,A.thaliana,75000
Co59,261501,5,A.thaliana,75000
Co59,261542,5,A.thaliana,75000
Co59,261568,5,A.thaliana,75000
Co59,261569,5,A.thaliana,75000
Co59,261644,5,A.thaliana,75000
Co59,320912,5,A.thaliana,75000
Co59,321045,5,A.thaliana,75000
Co59,1829523,5,A.thaliana,75000
Co59,3322492,5,A.thaliana,75000
Co59,3367835,5,A.thaliana,75000
Co59,5182509,5,A.thaliana,75000
Co59,5185861,5,A.thaliana,75000
Co59,5194833,5,A.thaliana,75000
Co59,5202841,5,A.thaliana,75000
Co59,6350977,5,A.thaliana,75000
Co59,6398115,5,A.thaliana,75000
Co59,8621176,5,A.thaliana,75000
Co59,8633378,5,A.thaliana,75000
Co59,9393730,5,A.thaliana,75000
Co59,9412105,5,A.thaliana,75000
Co59,9412211,5,A.thaliana,75000
Co59,9417789,5,A.thaliana,75000
Co59,9420246,5,A.thaliana,75000
Co59,9420361,5,A.thaliana,75000
Co59,9420854,5,A.thaliana,75000
Co59,9421530,5,A.thaliana,75000
Co59,9422073,5,A.thaliana,75000
Co59,9644743,5,A.thaliana,75000
Co59,9644811,5,A.thaliana,75000
Co59,9645170,5,A.thaliana,75000
Co59,9885454,5,A.thaliana,75000
Co59,10037109,5,A.thaliana,75000
Co59,10073709,5,A.thaliana,75000
Co59,10073858,5,A.thaliana,75000
Co59,10149663,5,A.thaliana,75000
Co59,10149733,5,A.thaliana,75000
Co59,10150265,5,A.thaliana,75000
Co59,10319073,5,A.thaliana,75000
Co59,10816743,5,A.thaliana,75000
Co59,10833920,5,A.thaliana,75000
Co59,10839875,5,A.thaliana,75000
Co59,10846571,5,A.thaliana,75000
Co59,10848907,5,A.thaliana,75000
Co59,10849205,5,A.thaliana,75000
Co59,10849812,5,A.thaliana,75000
Co59,11367560,5,A.thaliana,75000
Co59,12716923,5,A.thaliana,75000
Co59,13964214,5,A.thaliana,75000
Co59,14570838,5,A.thaliana,75000
Co59,14820612,5,A.thaliana,75000
Co59,15258471,5,A.thaliana,75000
Co59,15258543,5,A.thaliana,75000
Co59,15259139,5,A.thaliana,75000
Co59,15259141,5,A.thaliana,75000
Co59,15263170,5,A.thaliana,75000
Co59,15263986,5,A.thaliana,75000
Co59,15270471,5,A.thaliana,75000
Co59,15272787,5,A.thaliana,75000
Co59,15278373,5,A.thaliana,75000
Co59,15280464,5,A.thaliana,75000
Co59,15882685,5,A.thaliana,75000
Co59,15970006,5,A.thaliana,75000
Co59,16003148,5,A.thaliana,75000
Co59,16003387,5,A.thaliana,75000
Co59,16003638,5,A.thaliana,75000
Co59,16010611,5,A.thaliana,75000
Co59,16012499,5,A.thaliana,75000
Co59,16013589,5,A.thaliana,75000
Co59,16013712,5,A.thaliana,75000
Co59,16013822,5,A.thaliana,75000
Co59,16014030,5,A.thaliana,75000
Co59,16014395,5,A.thaliana,75000
Co59,16015077,5,A.thaliana,75000
Co59,16015759,5,A.thaliana,75000
Co59,16015918,5,A.thaliana,75000
Co59,16017506,5,A.thaliana,75000
Co59,16017647,5,A.thaliana,75000
Co59,16017791,5,A.thaliana,75000
Co59,16018310,5,A.thaliana,75000
Co59,16018362,5,A.thaliana,75000
Co59,16024609,5,A.thaliana,75000
Co59,16025195,5,A.thaliana,75000
Co59,16027796,5,A.thaliana,75000
Co59,16029242,5,A.thaliana,75000
Co59,16030614,5,A.thaliana,75000
Co59,16030622,5,A.thaliana,75000
Co59,16031441,5,A.thaliana,75000
Co59,16031511,5,A.thaliana,75000
Co59,16034005,5,A.thaliana,75000
Co59,16048359,5,A.thaliana,75000
Co59,16048582,5,A.thaliana,75000
Co59,16049294,5,A.thaliana,75000
Co59,16050072,5,A.thaliana,75000
Co59,16050230,5,A.thaliana,75000
Co59,16051681,5,A.thaliana,75000
Co59,17338433,5,A.thaliana,75000
Co59,17338533,5,A.thaliana,75000
Co59,17338534,5,A.thaliana,75000
Co59,17339549,5,A.thaliana,75000
Co59,17956869,5,A.thaliana,75000
Co59,18153001,5,A.thaliana,75000
Co59,18220787,5,A.thaliana,75000
Co59,18220845,5,A.thaliana,75000
Co59,18590169,5,A.thaliana,75000
Co59,18698277,5,A.thaliana,75000
Co59,18766598,5,A.thaliana,75000
Co59,18877334,5,A.thaliana,75000
Co59,18880655,5,A.thaliana,75000
Co59,19060140,5,A.thaliana,75000
Co59,19064417,5,A.thaliana,75000
Co59,19544485,5,A.thaliana,75000
Co59,19567638,5,A.thaliana,75000
Co59,22441299,5,A.thaliana,75000
Co59,22441566,5,A.thaliana,75000
Co59,22442132,5,A.thaliana,75000
Co59,22442757,5,A.thaliana,75000
Co59,22443135,5,A.thaliana,75000
Co59,22443579,5,A.thaliana,75000
Co59,22446151,5,A.thaliana,75000
Co59,23636247,5,A.thaliana,75000
Co59,23636249,5,A.thaliana,75000
Co59,24402126,5,A.thaliana,75000
Co59,24403392,5,A.thaliana,75000
Co59,24406325,5,A.thaliana,75000
Co59,24674022,5,A.thaliana,75000
Fe57,1147349,1,A.thaliana,75000
Fe57,1147351,1,A.thaliana,75000
Fe57,5169491,1,A.thaliana,75000
Fe57,5385928,1,A.thaliana,75000
Fe57,11291255,1,A.thaliana,75000
Fe57,11291256,1,A.thaliana,75000
Fe57,18365892,1,A.thaliana,75000
Fe57,21351986,1,A.thaliana,75000
Fe57,21352006,1,A.thaliana,75000
Fe57,21352042,1,A.thaliana,75000
Fe57,21352139,1,A.thaliana,75000
Fe57,21352161,1,A.thaliana,75000
Fe57,21355358,1,A.thaliana,75000
Fe57,21690453,1,A.thaliana,75000
Fe57,21936353,1,A.thaliana,75000
Fe57,22575292,1,A.thaliana,75000
Fe57,24837429,1,A.thaliana,75000
Fe57,28260323,1,A.thaliana,75000
Fe57,29053833,1,A.thaliana,75000
Fe57,29060019,1,A.thaliana,75000
Fe57,29060309,1,A.thaliana,75000
Fe57,29063170,1,A.thaliana,75000
Fe57,5072999,2,A.thaliana,75000
Fe57,5207209,2,A.thaliana,75000
Fe57,10031110,2,A.thaliana,75000
Fe57,11587734,2,A.thaliana,75000
Fe57,13837632,2,A.thaliana,75000
Fe57,13837707,2,A.thaliana,75000
Fe57,13837764,2,A.thaliana,75000
Fe57,14727467,2,A.thaliana,75000
Fe57,15630580,2,A.thaliana,75000
Fe57,18000411,2,A.thaliana,75000
Fe57,18051266,2,A.thaliana,75000
Fe57,19440044,2,A.thaliana,75000
Fe57,2562998,3,A.thaliana,75000
Fe57,3770299,3,A.thaliana,75000
Fe57,4497656,3,A.thaliana,75000
Fe57,4497665,3,A.thaliana,75000
Fe57,4497671,3,A.thaliana,75000
Fe57,4497728,3,A.thaliana,75000
Fe57,9308061,3,A.thaliana,75000
Fe57,9940695,3,A.thaliana,75000
Fe57,9977462,3,A.thaliana,75000
Fe57,11394226,3,A.thaliana,75000
Fe57,11961945,3,A.thaliana,75000
Fe57,13313752,3,A.thaliana,75000
Fe57,15639041,3,A.thaliana,75000
Fe57,15952028,3,A.thaliana,75000
Fe57,15952029,3,A.thaliana,75000
Fe57,15952044,3,A.thaliana,75000
Fe57,15952057,3,A.thaliana,75000
Fe57,16136267,3,A.thaliana,75000
Fe57,16136275,3,A.thaliana,75000
Fe57,16136296,3,A.thaliana,75000
Fe57,16136326,3,A.thaliana,75000
Fe57,16136336,3,A.thaliana,75000
Fe57,17582516,3,A.thaliana,75000
Fe57,19283519,3,A.thaliana,75000
Fe57,19285110,3,A.thaliana,75000
Fe57,19287006,3,A.thaliana,75000
Fe57,20718823,3,A.thaliana,75000
Fe57,23171326,3,A.thaliana,75000
Fe57,2787093,4,A.thaliana,75000
Fe57,4137717,4,A.thaliana,75000
Fe57,4214360,4,A.thaliana,75000
Fe57,6220195,4,A.thaliana,75000
Fe57,6220209,4,A.thaliana,75000
Fe57,6220269,4,A.thaliana,75000
Fe57,6409179,4,A.thaliana,75000
Fe57,7215332,4,A.thaliana,75000
Fe57,7676219,4,A.thaliana,75000
Fe57,8299204,4,A.thaliana,75000
Fe57,10635861,4,A.thaliana,75000
Fe57,12215329,4,A.thaliana,75000
Fe57,18052412,4,A.thaliana,75000
Fe57,18180284,4,A.thaliana,75000
Fe57,18180286,4,A.thaliana,75000
Fe57,18180327,4,A.thaliana,75000
Fe57,3541909,5,A.thaliana,75000
Fe57,9616327,5,A.thaliana,75000
Fe57,13804034,5,A.thaliana,75000
Fe57,16336887,5,A.thaliana,75000
Fe57,16557900,5,A.thaliana,75000
Fe57,16605488,5,A.thaliana,75000
Fe57,16881443,5,A.thaliana,75000
Fe57,19408713,5,A.thaliana,75000
Fe57,19409034,5,A.thaliana,75000
Fe57,19410476,5,A.thaliana,75000
Fe57,21332712,5,A.thaliana,75000
Fe57,21443884,5,A.thaliana,75000
Fe57,21443897,5,A.thaliana,75000
Fe57,21448335,5,A.thaliana,75000
Fe57,22804251,5,A.thaliana,75000
Fe57,22834243,5,A.thaliana,75000
Fe57,24460424,5,A.thaliana,75000
