chr,bp,trait,range,org
1,35381,Fe,243000,O.sativa
1,181522,Fe,243000,O.sativa
1,182568,Fe,243000,O.sativa
1,194340,Fe,243000,O.sativa
1,201232,Fe,243000,O.sativa
1,215761,Fe,243000,O.sativa
1,222863,Fe,243000,O.sativa
1,2540607,Fe,243000,O.sativa
1,2547226,Fe,243000,O.sativa
1,11766970,Fe,243000,O.sativa
1,20719790,Fe,243000,O.sativa
1,20730641,Fe,243000,O.sativa
1,20735458,Fe,243000,O.sativa
1,20739299,Fe,243000,O.sativa
1,20743526,Fe,243000,O.sativa
1,20743649,Fe,243000,O.sativa
1,20745683,Fe,243000,O.sativa
1,20748149,Fe,243000,O.sativa
1,20750868,Fe,243000,O.sativa
1,20750908,Fe,243000,O.sativa
1,20751501,Fe,243000,O.sativa
1,20752677,Fe,243000,O.sativa
1,20752791,Fe,243000,O.sativa
1,20752829,Fe,243000,O.sativa
1,20752830,Fe,243000,O.sativa
1,20752836,Fe,243000,O.sativa
1,20752844,Fe,243000,O.sativa
1,20752858,Fe,243000,O.sativa
1,20752871,Fe,243000,O.sativa
1,20755781,Fe,243000,O.sativa
1,20755845,Fe,243000,O.sativa
1,20756454,Fe,243000,O.sativa
1,20756539,Fe,243000,O.sativa
1,20757045,Fe,243000,O.sativa
1,20757055,Fe,243000,O.sativa
1,20759565,Fe,243000,O.sativa
1,20759747,Fe,243000,O.sativa
1,20760130,Fe,243000,O.sativa
1,20760463,Fe,243000,O.sativa
1,20764403,Fe,243000,O.sativa
1,20764431,Fe,243000,O.sativa
1,20770528,Fe,243000,O.sativa
1,20778329,Fe,243000,O.sativa
1,20779041,Fe,243000,O.sativa
1,20780165,Fe,243000,O.sativa
1,20780279,Fe,243000,O.sativa
1,20780494,Fe,243000,O.sativa
1,20780522,Fe,243000,O.sativa
1,20781224,Fe,243000,O.sativa
1,20781230,Fe,243000,O.sativa
1,20781233,Fe,243000,O.sativa
1,20782425,Fe,243000,O.sativa
1,20782487,Fe,243000,O.sativa
1,20782535,Fe,243000,O.sativa
1,20792669,Fe,243000,O.sativa
1,20792696,Fe,243000,O.sativa
1,20803875,Fe,243000,O.sativa
1,20803887,Fe,243000,O.sativa
1,20803966,Fe,243000,O.sativa
1,20804332,Fe,243000,O.sativa
1,20804542,Fe,243000,O.sativa
1,20804567,Fe,243000,O.sativa
1,20804801,Fe,243000,O.sativa
1,20804902,Fe,243000,O.sativa
1,20807192,Fe,243000,O.sativa
1,20810456,Fe,243000,O.sativa
1,20810873,Fe,243000,O.sativa
1,20811207,Fe,243000,O.sativa
1,20811732,Fe,243000,O.sativa
1,20811988,Fe,243000,O.sativa
1,20812720,Fe,243000,O.sativa
1,20817493,Fe,243000,O.sativa
1,20817680,Fe,243000,O.sativa
1,20820214,Fe,243000,O.sativa
1,20820292,Fe,243000,O.sativa
1,20821355,Fe,243000,O.sativa
1,20822070,Fe,243000,O.sativa
1,20822887,Fe,243000,O.sativa
1,20823021,Fe,243000,O.sativa
1,20826260,Fe,243000,O.sativa
1,20831408,Fe,243000,O.sativa
1,20832040,Fe,243000,O.sativa
1,20834524,Fe,243000,O.sativa
1,20835042,Fe,243000,O.sativa
1,20846556,Fe,243000,O.sativa
1,20847963,Fe,243000,O.sativa
1,20857359,Fe,243000,O.sativa
1,20857845,Fe,243000,O.sativa
1,20860711,Fe,243000,O.sativa
1,20866098,Fe,243000,O.sativa
1,20866840,Fe,243000,O.sativa
1,20873765,Fe,243000,O.sativa
1,20889234,Fe,243000,O.sativa
1,20889343,Fe,243000,O.sativa
1,20889647,Fe,243000,O.sativa
1,20892872,Fe,243000,O.sativa
1,20926284,Fe,243000,O.sativa
1,20928609,Fe,243000,O.sativa
1,20936411,Fe,243000,O.sativa
1,20943722,Fe,243000,O.sativa
1,20959216,Fe,243000,O.sativa
1,20962743,Fe,243000,O.sativa
1,21081088,Fe,243000,O.sativa
1,21090262,Fe,243000,O.sativa
1,21103066,Fe,243000,O.sativa
1,21103206,Fe,243000,O.sativa
1,21107947,Fe,243000,O.sativa
1,21110485,Fe,243000,O.sativa
1,21126751,Fe,243000,O.sativa
1,21127868,Fe,243000,O.sativa
1,21129639,Fe,243000,O.sativa
1,21129674,Fe,243000,O.sativa
1,21135794,Fe,243000,O.sativa
1,21140844,Fe,243000,O.sativa
1,21147699,Fe,243000,O.sativa
1,21746684,Fe,243000,O.sativa
1,22469874,Fe,243000,O.sativa
1,22469875,Fe,243000,O.sativa
1,24682527,Fe,243000,O.sativa
1,24918924,Fe,243000,O.sativa
1,32220447,Fe,243000,O.sativa
1,34290407,Fe,243000,O.sativa
1,35382715,Fe,243000,O.sativa
1,36383002,Fe,243000,O.sativa
1,37643734,Fe,243000,O.sativa
1,38088494,Fe,243000,O.sativa
1,38088497,Fe,243000,O.sativa
2,8026266,Fe,243000,O.sativa
2,15086781,Fe,243000,O.sativa
2,15086782,Fe,243000,O.sativa
2,16886138,Fe,243000,O.sativa
2,19984132,Fe,243000,O.sativa
2,19984379,Fe,243000,O.sativa
2,20456739,Fe,243000,O.sativa
2,21616791,Fe,243000,O.sativa
2,24103193,Fe,243000,O.sativa
2,24295407,Fe,243000,O.sativa
2,24296182,Fe,243000,O.sativa
2,24302553,Fe,243000,O.sativa
2,24321723,Fe,243000,O.sativa
2,24322056,Fe,243000,O.sativa
2,24323804,Fe,243000,O.sativa
2,24323841,Fe,243000,O.sativa
2,24347417,Fe,243000,O.sativa
2,24361732,Fe,243000,O.sativa
2,24366804,Fe,243000,O.sativa
2,24366941,Fe,243000,O.sativa
2,24366962,Fe,243000,O.sativa
2,24369357,Fe,243000,O.sativa
2,24369359,Fe,243000,O.sativa
2,24369380,Fe,243000,O.sativa
2,24369386,Fe,243000,O.sativa
2,24369387,Fe,243000,O.sativa
2,24380515,Fe,243000,O.sativa
2,24380653,Fe,243000,O.sativa
2,24380658,Fe,243000,O.sativa
2,24382648,Fe,243000,O.sativa
2,24387087,Fe,243000,O.sativa
2,24389744,Fe,243000,O.sativa
2,24390166,Fe,243000,O.sativa
2,24459310,Fe,243000,O.sativa
3,1284902,Fe,243000,O.sativa
3,1287003,Fe,243000,O.sativa
3,1331729,Fe,243000,O.sativa
3,1366329,Fe,243000,O.sativa
3,1376243,Fe,243000,O.sativa
3,1424475,Fe,243000,O.sativa
3,1425440,Fe,243000,O.sativa
3,1438035,Fe,243000,O.sativa
3,1439589,Fe,243000,O.sativa
3,1441578,Fe,243000,O.sativa
3,1442056,Fe,243000,O.sativa
3,1442163,Fe,243000,O.sativa
3,1442336,Fe,243000,O.sativa
3,1443942,Fe,243000,O.sativa
3,1444371,Fe,243000,O.sativa
3,1446224,Fe,243000,O.sativa
3,1447535,Fe,243000,O.sativa
3,1448643,Fe,243000,O.sativa
3,1451353,Fe,243000,O.sativa
3,1457224,Fe,243000,O.sativa
3,1463161,Fe,243000,O.sativa
3,1463821,Fe,243000,O.sativa
3,1470557,Fe,243000,O.sativa
3,1473739,Fe,243000,O.sativa
3,1475375,Fe,243000,O.sativa
3,1481411,Fe,243000,O.sativa
3,1484298,Fe,243000,O.sativa
3,1484299,Fe,243000,O.sativa
3,1486092,Fe,243000,O.sativa
3,1494092,Fe,243000,O.sativa
3,1500101,Fe,243000,O.sativa
3,1500165,Fe,243000,O.sativa
3,1529798,Fe,243000,O.sativa
3,1533051,Fe,243000,O.sativa
3,1533518,Fe,243000,O.sativa
3,1543049,Fe,243000,O.sativa
3,1603644,Fe,243000,O.sativa
3,1774919,Fe,243000,O.sativa
3,1775014,Fe,243000,O.sativa
3,1785458,Fe,243000,O.sativa
3,1785475,Fe,243000,O.sativa
3,1785642,Fe,243000,O.sativa
3,1785731,Fe,243000,O.sativa
3,1785766,Fe,243000,O.sativa
3,1785798,Fe,243000,O.sativa
3,1785807,Fe,243000,O.sativa
3,1785852,Fe,243000,O.sativa
3,1787028,Fe,243000,O.sativa
3,1787380,Fe,243000,O.sativa
3,1788451,Fe,243000,O.sativa
3,1788545,Fe,243000,O.sativa
3,1788551,Fe,243000,O.sativa
3,1789444,Fe,243000,O.sativa
3,1789937,Fe,243000,O.sativa
3,1790560,Fe,243000,O.sativa
3,1792621,Fe,243000,O.sativa
3,1792850,Fe,243000,O.sativa
3,1793070,Fe,243000,O.sativa
3,1793084,Fe,243000,O.sativa
3,1794033,Fe,243000,O.sativa
3,1794293,Fe,243000,O.sativa
3,1794795,Fe,243000,O.sativa
3,1797072,Fe,243000,O.sativa
3,1797901,Fe,243000,O.sativa
3,1798438,Fe,243000,O.sativa
3,1799588,Fe,243000,O.sativa
3,1801407,Fe,243000,O.sativa
3,1803126,Fe,243000,O.sativa
3,1803592,Fe,243000,O.sativa
3,1813157,Fe,243000,O.sativa
3,1813713,Fe,243000,O.sativa
3,1814323,Fe,243000,O.sativa
3,1816052,Fe,243000,O.sativa
3,1820084,Fe,243000,O.sativa
3,1829619,Fe,243000,O.sativa
3,1829623,Fe,243000,O.sativa
3,1829637,Fe,243000,O.sativa
3,1829661,Fe,243000,O.sativa
3,1833396,Fe,243000,O.sativa
3,1838814,Fe,243000,O.sativa
3,1843420,Fe,243000,O.sativa
3,1846676,Fe,243000,O.sativa
3,1852074,Fe,243000,O.sativa
3,1854601,Fe,243000,O.sativa
3,1856562,Fe,243000,O.sativa
3,1858051,Fe,243000,O.sativa
3,1858601,Fe,243000,O.sativa
3,1928431,Fe,243000,O.sativa
3,1934792,Fe,243000,O.sativa
3,1935693,Fe,243000,O.sativa
3,1935785,Fe,243000,O.sativa
3,1942055,Fe,243000,O.sativa
3,1943446,Fe,243000,O.sativa
3,1947463,Fe,243000,O.sativa
3,3326131,Fe,243000,O.sativa
3,3329948,Fe,243000,O.sativa
3,3329957,Fe,243000,O.sativa
3,3337815,Fe,243000,O.sativa
3,3387401,Fe,243000,O.sativa
3,3389095,Fe,243000,O.sativa
3,3389141,Fe,243000,O.sativa
3,3395553,Fe,243000,O.sativa
3,3395585,Fe,243000,O.sativa
3,3395612,Fe,243000,O.sativa
3,3396463,Fe,243000,O.sativa
3,3396613,Fe,243000,O.sativa
3,3396662,Fe,243000,O.sativa
3,3396892,Fe,243000,O.sativa
3,3397019,Fe,243000,O.sativa
3,3397050,Fe,243000,O.sativa
3,3397185,Fe,243000,O.sativa
3,13134658,Fe,243000,O.sativa
3,14414127,Fe,243000,O.sativa
3,14478283,Fe,243000,O.sativa
3,16285847,Fe,243000,O.sativa
3,16297554,Fe,243000,O.sativa
3,17173318,Fe,243000,O.sativa
3,18774438,Fe,243000,O.sativa
3,22297249,Fe,243000,O.sativa
3,23155895,Fe,243000,O.sativa
3,24596596,Fe,243000,O.sativa
3,28873913,Fe,243000,O.sativa
3,31976293,Fe,243000,O.sativa
4,638053,Fe,243000,O.sativa
4,2764366,Fe,243000,O.sativa
4,2817242,Fe,243000,O.sativa
4,3306290,Fe,243000,O.sativa
4,3472335,Fe,243000,O.sativa
4,4049245,Fe,243000,O.sativa
4,4050302,Fe,243000,O.sativa
4,5994582,Fe,243000,O.sativa
4,5994588,Fe,243000,O.sativa
4,8313736,Fe,243000,O.sativa
4,10820877,Fe,243000,O.sativa
4,12146730,Fe,243000,O.sativa
4,19718528,Fe,243000,O.sativa
4,19719159,Fe,243000,O.sativa
4,19719288,Fe,243000,O.sativa
4,19719980,Fe,243000,O.sativa
4,19719982,Fe,243000,O.sativa
4,19720668,Fe,243000,O.sativa
4,19735171,Fe,243000,O.sativa
4,19735186,Fe,243000,O.sativa
4,19735715,Fe,243000,O.sativa
4,19735788,Fe,243000,O.sativa
4,19736910,Fe,243000,O.sativa
4,20733566,Fe,243000,O.sativa
4,21892727,Fe,243000,O.sativa
4,31060872,Fe,243000,O.sativa
4,31084760,Fe,243000,O.sativa
4,31085792,Fe,243000,O.sativa
4,31085898,Fe,243000,O.sativa
4,31085906,Fe,243000,O.sativa
4,31085951,Fe,243000,O.sativa
4,31086319,Fe,243000,O.sativa
4,31086362,Fe,243000,O.sativa
4,31086377,Fe,243000,O.sativa
4,31086410,Fe,243000,O.sativa
4,31087117,Fe,243000,O.sativa
4,31087155,Fe,243000,O.sativa
4,31087199,Fe,243000,O.sativa
4,31087206,Fe,243000,O.sativa
4,31087305,Fe,243000,O.sativa
4,31087316,Fe,243000,O.sativa
4,31087493,Fe,243000,O.sativa
4,31088270,Fe,243000,O.sativa
4,31088505,Fe,243000,O.sativa
4,31088537,Fe,243000,O.sativa
4,31088572,Fe,243000,O.sativa
4,31088576,Fe,243000,O.sativa
4,31088611,Fe,243000,O.sativa
4,31089021,Fe,243000,O.sativa
4,31090053,Fe,243000,O.sativa
4,31090985,Fe,243000,O.sativa
4,31090987,Fe,243000,O.sativa
4,31091024,Fe,243000,O.sativa
4,31091078,Fe,243000,O.sativa
4,31093691,Fe,243000,O.sativa
4,31093752,Fe,243000,O.sativa
4,31094350,Fe,243000,O.sativa
4,31094618,Fe,243000,O.sativa
4,31094742,Fe,243000,O.sativa
4,31095083,Fe,243000,O.sativa
4,31097004,Fe,243000,O.sativa
4,31097190,Fe,243000,O.sativa
4,32446700,Fe,243000,O.sativa
4,32456335,Fe,243000,O.sativa
4,32456674,Fe,243000,O.sativa
4,32460966,Fe,243000,O.sativa
4,32466735,Fe,243000,O.sativa
4,33610198,Fe,243000,O.sativa
4,33774071,Fe,243000,O.sativa
5,1086886,Fe,243000,O.sativa
5,2728635,Fe,243000,O.sativa
5,6852732,Fe,243000,O.sativa
5,17395415,Fe,243000,O.sativa
5,17558478,Fe,243000,O.sativa
5,22057087,Fe,243000,O.sativa
5,22084181,Fe,243000,O.sativa
5,22084187,Fe,243000,O.sativa
5,22113064,Fe,243000,O.sativa
5,22139866,Fe,243000,O.sativa
5,22148959,Fe,243000,O.sativa
5,26767420,Fe,243000,O.sativa
6,1223607,Fe,243000,O.sativa
6,1258431,Fe,243000,O.sativa
6,1269290,Fe,243000,O.sativa
6,1348290,Fe,243000,O.sativa
6,2127358,Fe,243000,O.sativa
6,2127813,Fe,243000,O.sativa
6,2127826,Fe,243000,O.sativa
6,2128033,Fe,243000,O.sativa
6,2130207,Fe,243000,O.sativa
6,2132081,Fe,243000,O.sativa
6,3822134,Fe,243000,O.sativa
6,11107569,Fe,243000,O.sativa
6,11108363,Fe,243000,O.sativa
6,11108380,Fe,243000,O.sativa
6,11109123,Fe,243000,O.sativa
6,11111540,Fe,243000,O.sativa
6,11115512,Fe,243000,O.sativa
6,11119128,Fe,243000,O.sativa
6,11119476,Fe,243000,O.sativa
6,11119506,Fe,243000,O.sativa
6,11587671,Fe,243000,O.sativa
6,11616461,Fe,243000,O.sativa
6,11715866,Fe,243000,O.sativa
6,13999516,Fe,243000,O.sativa
6,14270772,Fe,243000,O.sativa
6,18093100,Fe,243000,O.sativa
6,23014221,Fe,243000,O.sativa
6,24285662,Fe,243000,O.sativa
6,24356207,Fe,243000,O.sativa
6,24897945,Fe,243000,O.sativa
6,26095850,Fe,243000,O.sativa
6,26109212,Fe,243000,O.sativa
6,30956572,Fe,243000,O.sativa
7,7313714,Fe,243000,O.sativa
7,8566607,Fe,243000,O.sativa
7,9359462,Fe,243000,O.sativa
7,9535497,Fe,243000,O.sativa
7,9821194,Fe,243000,O.sativa
7,9821209,Fe,243000,O.sativa
7,9955327,Fe,243000,O.sativa
7,9960404,Fe,243000,O.sativa
7,10013563,Fe,243000,O.sativa
7,10093993,Fe,243000,O.sativa
7,10123943,Fe,243000,O.sativa
7,10183117,Fe,243000,O.sativa
7,10558341,Fe,243000,O.sativa
7,10850274,Fe,243000,O.sativa
7,10932545,Fe,243000,O.sativa
7,10932546,Fe,243000,O.sativa
7,10932993,Fe,243000,O.sativa
7,11087460,Fe,243000,O.sativa
7,11088512,Fe,243000,O.sativa
7,11648927,Fe,243000,O.sativa
7,11742228,Fe,243000,O.sativa
7,11878134,Fe,243000,O.sativa
7,12286669,Fe,243000,O.sativa
7,12294049,Fe,243000,O.sativa
7,12423629,Fe,243000,O.sativa
7,12446167,Fe,243000,O.sativa
7,12715422,Fe,243000,O.sativa
7,12737284,Fe,243000,O.sativa
7,12833248,Fe,243000,O.sativa
7,12833249,Fe,243000,O.sativa
7,12904361,Fe,243000,O.sativa
7,13180946,Fe,243000,O.sativa
7,13222824,Fe,243000,O.sativa
7,14604724,Fe,243000,O.sativa
7,14911328,Fe,243000,O.sativa
7,15561721,Fe,243000,O.sativa
7,15803506,Fe,243000,O.sativa
7,15803530,Fe,243000,O.sativa
7,16003657,Fe,243000,O.sativa
7,16185412,Fe,243000,O.sativa
7,16452228,Fe,243000,O.sativa
7,17001229,Fe,243000,O.sativa
7,17001941,Fe,243000,O.sativa
7,17002279,Fe,243000,O.sativa
7,17063724,Fe,243000,O.sativa
7,17069572,Fe,243000,O.sativa
7,19761254,Fe,243000,O.sativa
7,19940681,Fe,243000,O.sativa
7,20900567,Fe,243000,O.sativa
7,22665098,Fe,243000,O.sativa
7,24739030,Fe,243000,O.sativa
7,25468008,Fe,243000,O.sativa
7,25745425,Fe,243000,O.sativa
7,25745657,Fe,243000,O.sativa
7,25919275,Fe,243000,O.sativa
7,26458794,Fe,243000,O.sativa
7,28197120,Fe,243000,O.sativa
7,28482284,Fe,243000,O.sativa
7,28482313,Fe,243000,O.sativa
7,28482478,Fe,243000,O.sativa
7,28483086,Fe,243000,O.sativa
7,28483721,Fe,243000,O.sativa
7,28483823,Fe,243000,O.sativa
7,28484155,Fe,243000,O.sativa
7,28487710,Fe,243000,O.sativa
7,28488818,Fe,243000,O.sativa
7,28492150,Fe,243000,O.sativa
7,28492240,Fe,243000,O.sativa
7,29056687,Fe,243000,O.sativa
7,29056688,Fe,243000,O.sativa
7,29068042,Fe,243000,O.sativa
7,29249821,Fe,243000,O.sativa
7,29279954,Fe,243000,O.sativa
7,29280452,Fe,243000,O.sativa
7,29280674,Fe,243000,O.sativa
7,29281096,Fe,243000,O.sativa
7,29282202,Fe,243000,O.sativa
7,29282637,Fe,243000,O.sativa
7,29282675,Fe,243000,O.sativa
7,29282694,Fe,243000,O.sativa
7,29284519,Fe,243000,O.sativa
7,29284637,Fe,243000,O.sativa
7,29284690,Fe,243000,O.sativa
7,29284727,Fe,243000,O.sativa
7,29284879,Fe,243000,O.sativa
7,29285222,Fe,243000,O.sativa
7,29285763,Fe,243000,O.sativa
7,29285764,Fe,243000,O.sativa
7,29286293,Fe,243000,O.sativa
7,29288054,Fe,243000,O.sativa
7,29288791,Fe,243000,O.sativa
7,29288837,Fe,243000,O.sativa
7,29290137,Fe,243000,O.sativa
7,29291101,Fe,243000,O.sativa
7,29292312,Fe,243000,O.sativa
7,29292377,Fe,243000,O.sativa
7,29298355,Fe,243000,O.sativa
7,29300551,Fe,243000,O.sativa
7,29301150,Fe,243000,O.sativa
7,29301786,Fe,243000,O.sativa
7,29301846,Fe,243000,O.sativa
7,29303363,Fe,243000,O.sativa
7,29303540,Fe,243000,O.sativa
7,29303638,Fe,243000,O.sativa
7,29303653,Fe,243000,O.sativa
7,29304808,Fe,243000,O.sativa
7,29304882,Fe,243000,O.sativa
7,29305844,Fe,243000,O.sativa
7,29306501,Fe,243000,O.sativa
7,29309262,Fe,243000,O.sativa
7,29310991,Fe,243000,O.sativa
7,29314492,Fe,243000,O.sativa
7,29324876,Fe,243000,O.sativa
7,29631279,Fe,243000,O.sativa
8,1663803,Fe,243000,O.sativa
8,2515257,Fe,243000,O.sativa
8,8977828,Fe,243000,O.sativa
8,9669652,Fe,243000,O.sativa
8,11884571,Fe,243000,O.sativa
8,15734162,Fe,243000,O.sativa
8,18963652,Fe,243000,O.sativa
8,24860501,Fe,243000,O.sativa
9,3416562,Fe,243000,O.sativa
9,3416575,Fe,243000,O.sativa
9,4425659,Fe,243000,O.sativa
9,4452316,Fe,243000,O.sativa
9,4452322,Fe,243000,O.sativa
9,4497975,Fe,243000,O.sativa
9,4497978,Fe,243000,O.sativa
9,4770256,Fe,243000,O.sativa
9,4944532,Fe,243000,O.sativa
9,9848388,Fe,243000,O.sativa
9,13024813,Fe,243000,O.sativa
9,13033589,Fe,243000,O.sativa
9,13033604,Fe,243000,O.sativa
9,13033607,Fe,243000,O.sativa
9,14419048,Fe,243000,O.sativa
9,16401249,Fe,243000,O.sativa
9,18156057,Fe,243000,O.sativa
9,18436503,Fe,243000,O.sativa
9,22098375,Fe,243000,O.sativa
10,942381,Fe,243000,O.sativa
10,942394,Fe,243000,O.sativa
10,942395,Fe,243000,O.sativa
10,2232165,Fe,243000,O.sativa
10,2736843,Fe,243000,O.sativa
10,9352052,Fe,243000,O.sativa
10,18514236,Fe,243000,O.sativa
10,18514438,Fe,243000,O.sativa
10,21194111,Fe,243000,O.sativa
10,21927523,Fe,243000,O.sativa
10,21966900,Fe,243000,O.sativa
10,21966919,Fe,243000,O.sativa
10,21966967,Fe,243000,O.sativa
10,21967089,Fe,243000,O.sativa
10,21967125,Fe,243000,O.sativa
10,21967224,Fe,243000,O.sativa
11,796216,Fe,243000,O.sativa
11,796873,Fe,243000,O.sativa
11,797119,Fe,243000,O.sativa
11,797137,Fe,243000,O.sativa
11,797987,Fe,243000,O.sativa
11,798054,Fe,243000,O.sativa
11,798170,Fe,243000,O.sativa
11,798181,Fe,243000,O.sativa
11,798202,Fe,243000,O.sativa
11,798660,Fe,243000,O.sativa
11,799084,Fe,243000,O.sativa
11,801173,Fe,243000,O.sativa
11,801283,Fe,243000,O.sativa
11,803505,Fe,243000,O.sativa
11,808392,Fe,243000,O.sativa
11,809492,Fe,243000,O.sativa
11,810130,Fe,243000,O.sativa
11,810160,Fe,243000,O.sativa
11,811262,Fe,243000,O.sativa
11,828861,Fe,243000,O.sativa
11,869224,Fe,243000,O.sativa
11,869296,Fe,243000,O.sativa
11,874668,Fe,243000,O.sativa
11,899624,Fe,243000,O.sativa
11,899627,Fe,243000,O.sativa
11,899663,Fe,243000,O.sativa
11,933177,Fe,243000,O.sativa
11,937728,Fe,243000,O.sativa
11,8880160,Fe,243000,O.sativa
11,9064128,Fe,243000,O.sativa
11,9252451,Fe,243000,O.sativa
11,9266288,Fe,243000,O.sativa
11,13679911,Fe,243000,O.sativa
11,14649824,Fe,243000,O.sativa
11,16474091,Fe,243000,O.sativa
11,17103317,Fe,243000,O.sativa
11,17116576,Fe,243000,O.sativa
11,17143741,Fe,243000,O.sativa
11,17165959,Fe,243000,O.sativa
11,17165975,Fe,243000,O.sativa
11,17166307,Fe,243000,O.sativa
11,17166658,Fe,243000,O.sativa
11,17166659,Fe,243000,O.sativa
11,17245313,Fe,243000,O.sativa
11,17247511,Fe,243000,O.sativa
11,17249154,Fe,243000,O.sativa
11,17276373,Fe,243000,O.sativa
11,17280890,Fe,243000,O.sativa
11,17420455,Fe,243000,O.sativa
11,17420474,Fe,243000,O.sativa
11,17570091,Fe,243000,O.sativa
11,17748796,Fe,243000,O.sativa
11,17790576,Fe,243000,O.sativa
11,19693191,Fe,243000,O.sativa
11,20929538,Fe,243000,O.sativa
11,20929547,Fe,243000,O.sativa
11,21128703,Fe,243000,O.sativa
11,21128711,Fe,243000,O.sativa
11,22320610,Fe,243000,O.sativa
11,24110149,Fe,243000,O.sativa
11,24110275,Fe,243000,O.sativa
11,24110334,Fe,243000,O.sativa
11,24110730,Fe,243000,O.sativa
11,24110842,Fe,243000,O.sativa
11,24111021,Fe,243000,O.sativa
11,24111439,Fe,243000,O.sativa
11,24111875,Fe,243000,O.sativa
11,24112104,Fe,243000,O.sativa
11,24112467,Fe,243000,O.sativa
11,24113178,Fe,243000,O.sativa
11,24113495,Fe,243000,O.sativa
11,24120826,Fe,243000,O.sativa
11,24120937,Fe,243000,O.sativa
11,24668650,Fe,243000,O.sativa
11,25668114,Fe,243000,O.sativa
11,25807610,Fe,243000,O.sativa
11,25829673,Fe,243000,O.sativa
11,25830522,Fe,243000,O.sativa
11,25831304,Fe,243000,O.sativa
11,25831310,Fe,243000,O.sativa
11,26515774,Fe,243000,O.sativa
11,26532564,Fe,243000,O.sativa
11,26533205,Fe,243000,O.sativa
11,27453472,Fe,243000,O.sativa
11,27459751,Fe,243000,O.sativa
11,27460160,Fe,243000,O.sativa
11,27460177,Fe,243000,O.sativa
11,27465051,Fe,243000,O.sativa
11,27466880,Fe,243000,O.sativa
12,5541195,Fe,243000,O.sativa
12,5541342,Fe,243000,O.sativa
12,7900038,Fe,243000,O.sativa
12,7954285,Fe,243000,O.sativa
12,7992872,Fe,243000,O.sativa
12,8008154,Fe,243000,O.sativa
12,8021828,Fe,243000,O.sativa
12,8280548,Fe,243000,O.sativa
12,9991012,Fe,243000,O.sativa
12,11584854,Fe,243000,O.sativa
12,18279727,Fe,243000,O.sativa
12,22670103,Fe,243000,O.sativa
12,23136315,Fe,243000,O.sativa
12,25742000,Fe,243000,O.sativa
12,25898464,Fe,243000,O.sativa
