"trait","org","chr","bp","start","end","SNPend","clpsRanges","range"
"Al","Zmays_RefGen_V4",1,76042649,75942649,76142649,NA,2e+05,1e+05
"Al","Zmays_RefGen_V4",1,159253636,159153636,159353636,NA,2e+05,1e+05
"Al","Zmays_RefGen_V4",1,165586216,165486216,165686216,NA,2e+05,1e+05
"Al","Zmays_RefGen_V4",1,187756969,187656969,187856969,NA,2e+05,1e+05
"Al","Zmays_RefGen_V4",1,197699713,197599713,197799713,NA,2e+05,1e+05
"Al","Zmays_RefGen_V4",1,218510976,218410954,218610998,NA,200044,1e+05
"Al","Zmays_RefGen_V4",1,233914773,233814773,234014773,NA,2e+05,1e+05
"As","Zmays_RefGen_V4",1,5701054,5601054,5801054,NA,2e+05,1e+05
"As","Zmays_RefGen_V4",1,23035089,22935089,23135089,NA,2e+05,1e+05
"As","Zmays_RefGen_V4",1,23886519,23786519,23986519,NA,2e+05,1e+05
"As","Zmays_RefGen_V4",1,25772829,25672829,25872829,NA,2e+05,1e+05
"As","Zmays_RefGen_V4",1,74249623,74149623,74349623,NA,2e+05,1e+05
"As","Zmays_RefGen_V4",1,75985197,75885197,76085197,NA,2e+05,1e+05
"As","Zmays_RefGen_V4",1,164875447,164775447,164975447,NA,2e+05,1e+05
"As","Zmays_RefGen_V4",1,270203897,270102723,270305071,NA,202348,1e+05
"B","Zmays_RefGen_V4",1,211484818,211384818,211584818,NA,2e+05,1e+05
"B","Zmays_RefGen_V4",1,227392880,227292879,227492881,NA,200002,1e+05
"B","Zmays_RefGen_V4",1,228373078,228273078,228473078,NA,2e+05,1e+05
"Ca","Zmays_RefGen_V4",1,4892057,4792057,4992057,NA,2e+05,1e+05
"Ca","Zmays_RefGen_V4",1,6384195,6283925,6484621,NA,200696,1e+05
"Ca","Zmays_RefGen_V4",1,20298567,20198567,20398567,NA,2e+05,1e+05
"Co","Zmays_RefGen_V4",1,28377332,28277332,28477332,NA,2e+05,1e+05
"Co","Zmays_RefGen_V4",1,46017745.3333333,45912654,46127910,NA,215256,1e+05
"Co","Zmays_RefGen_V4",1,54252245,54149838,54360896,NA,211058,1e+05
"Co","Zmays_RefGen_V4",1,94467334,94358869,94575799,NA,216930,1e+05
"Co","Zmays_RefGen_V4",1,200996041.4,200844427,201157021,NA,312594,1e+05
"Co","Zmays_RefGen_V4",1,226199902.272727,226074925,226322044,NA,247119,1e+05
"Co","Zmays_RefGen_V4",1,227766727.75,227600786,228168706,NA,567920,1e+05
"Co","Zmays_RefGen_V4",1,234315542,234215542,234415542,NA,2e+05,1e+05
"Co","Zmays_RefGen_V4",1,237885496,237785496,237985496,NA,2e+05,1e+05
"Co","Zmays_RefGen_V4",1,257757487,257657487,257857487,NA,2e+05,1e+05
"Co","Zmays_RefGen_V4",1,259279288,259179288,259379288,NA,2e+05,1e+05
"Co","Zmays_RefGen_V4",1,260596329,260481240,260711418,NA,230178,1e+05
"Co","Zmays_RefGen_V4",1,279582808,279482808,279682808,NA,2e+05,1e+05
"Co","Zmays_RefGen_V4",1,281481811,281356731,281631455,NA,274724,1e+05
"Co","Zmays_RefGen_V4",1,285776250,285491928,286072215,NA,580287,1e+05
"Co","Zmays_RefGen_V4",1,304581377.666667,304478045,304683132,NA,205087,1e+05
"Co","Zmays_RefGen_V4",1,305341746,305241746,305441746,NA,2e+05,1e+05
"Cu","Zmays_RefGen_V4",1,8016694,7916433,8117079,NA,200646,1e+05
"Cu","Zmays_RefGen_V4",1,12435315.5,12332251,12538380,NA,206129,1e+05
"Cu","Zmays_RefGen_V4",1,15299693,15199693,15399693,NA,2e+05,1e+05
"Cu","Zmays_RefGen_V4",1,16285792,16185792,16385792,NA,2e+05,1e+05
"Cu","Zmays_RefGen_V4",1,20021655,19921655,20121655,NA,2e+05,1e+05
"Cu","Zmays_RefGen_V4",1,23232487,23130351,23334623,NA,204272,1e+05
"Cu","Zmays_RefGen_V4",1,26601483,26501483,26701483,NA,2e+05,1e+05
"Cu","Zmays_RefGen_V4",1,234590648.5,234490420,234690996,NA,200576,1e+05
"Cu","Zmays_RefGen_V4",1,270979025,270879025,271184654,NA,305629,1e+05
"Cu","Zmays_RefGen_V4",1,300960963,300860963,301061485,NA,200522,1e+05
"Fe","Zmays_RefGen_V4",1,4894681,4794681,4994681,NA,2e+05,1e+05
"Fe","Zmays_RefGen_V4",1,233129441,233029441,233229441,NA,2e+05,1e+05
"Fe","Zmays_RefGen_V4",1,262004977.5,261901774,262107642,NA,205868,1e+05
"Fe","Zmays_RefGen_V4",1,262644984,262544984,262744984,NA,2e+05,1e+05
"Fe","Zmays_RefGen_V4",1,262975620,262875620,263162540,NA,286920,1e+05
"Fe","Zmays_RefGen_V4",1,284194037,284094037,284380452,NA,286415,1e+05
"Fe","Zmays_RefGen_V4",1,286311261,286211261,286411261,NA,2e+05,1e+05
"K","Zmays_RefGen_V4",1,11158592.5,11058581,11258604,NA,200023,1e+05
"K","Zmays_RefGen_V4",1,33119859,33019859,33219859,NA,2e+05,1e+05
"K","Zmays_RefGen_V4",1,34443628.3333333,34343555,34543671,NA,200116,1e+05
"K","Zmays_RefGen_V4",1,36047856,35947856,36147856,NA,2e+05,1e+05
"K","Zmays_RefGen_V4",1,37596827,37496827,37696827,NA,2e+05,1e+05
"K","Zmays_RefGen_V4",1,91876324,91776324,91976324,NA,2e+05,1e+05
"K","Zmays_RefGen_V4",1,302627919,302527919,302727919,NA,2e+05,1e+05
"Mg","Zmays_RefGen_V4",1,12732245.5,12632233,12832258,NA,200025,1e+05
"Mg","Zmays_RefGen_V4",1,15179932.4848485,15078576,15291734,NA,213158,1e+05
"Mg","Zmays_RefGen_V4",1,218615568,218515568,218715568,NA,2e+05,1e+05
"Mg","Zmays_RefGen_V4",1,264034659,263934413,264134905,NA,200492,1e+05
"Mg","Zmays_RefGen_V4",1,275419075.5,275318573,275519578,NA,201005,1e+05
"Mg","Zmays_RefGen_V4",1,283077195,282977195,283177195,NA,2e+05,1e+05
"Mg","Zmays_RefGen_V4",1,293918526,293818526,294018526,NA,2e+05,1e+05
"Mn","Zmays_RefGen_V4",1,35243440,35143440,35343440,NA,2e+05,1e+05
"Mn","Zmays_RefGen_V4",1,38985652,38885652,39085652,NA,2e+05,1e+05
"Mn","Zmays_RefGen_V4",1,82527299.5,82427299,82627300,NA,200001,1e+05
"Mn","Zmays_RefGen_V4",1,90344903.5,90244127,90445680,NA,201553,1e+05
"Mn","Zmays_RefGen_V4",1,113660703,113560703,113760703,NA,2e+05,1e+05
"Mn","Zmays_RefGen_V4",1,142253303,142153303,142353303,NA,2e+05,1e+05
"Mn","Zmays_RefGen_V4",1,159671374,159571374,159771374,NA,2e+05,1e+05
"Mn","Zmays_RefGen_V4",1,162007956,161907956,162107956,NA,2e+05,1e+05
"Mn","Zmays_RefGen_V4",1,162278457,162178457,162378457,NA,2e+05,1e+05
"Mn","Zmays_RefGen_V4",1,162961127.368421,162858222,163337833,NA,479611,1e+05
"Mn","Zmays_RefGen_V4",1,163491944,163391944,163591944,NA,2e+05,1e+05
"Mn","Zmays_RefGen_V4",1,164205975,164105975,164305975,NA,2e+05,1e+05
"Mn","Zmays_RefGen_V4",1,164721786,164621786,164821786,NA,2e+05,1e+05
"Mn","Zmays_RefGen_V4",1,166630204,166530204,166730204,NA,2e+05,1e+05
"Mn","Zmays_RefGen_V4",1,167168986,167068986,167268986,NA,2e+05,1e+05
"Mn","Zmays_RefGen_V4",1,258718892.8,258612931,258820445,NA,207514,1e+05
"Mn","Zmays_RefGen_V4",1,262712355,262612355,262812355,NA,2e+05,1e+05
"Mo","Zmays_RefGen_V4",1,16809751,16709751,16909751,NA,2e+05,1e+05
"Mo","Zmays_RefGen_V4",1,236340524,236240524,236440524,NA,2e+05,1e+05
"Mo","Zmays_RefGen_V4",1,239963618,239863618,240063618,NA,2e+05,1e+05
"Mo","Zmays_RefGen_V4",1,240431918,240331918,240531918,NA,2e+05,1e+05
"Mo","Zmays_RefGen_V4",1,241548293,241448293,241648293,NA,2e+05,1e+05
"Mo","Zmays_RefGen_V4",1,241766649,241657642,241875656,NA,218014,1e+05
"Mo","Zmays_RefGen_V4",1,242171287.5,242070287,242327549,NA,257262,1e+05
"Mo","Zmays_RefGen_V4",1,242842964,242742842,242943086,NA,200244,1e+05
"Mo","Zmays_RefGen_V4",1,243234743.933333,242982619,243452186,NA,469567,1e+05
"Mo","Zmays_RefGen_V4",1,244386233.666667,244285890,244486546,NA,200656,1e+05
"Mo","Zmays_RefGen_V4",1,244907969,244807969,245007969,NA,2e+05,1e+05
"Mo","Zmays_RefGen_V4",1,247002556,246902556,247102556,NA,2e+05,1e+05
"Mo","Zmays_RefGen_V4",1,248673708.666667,248573694,248852470,NA,278776,1e+05
"Mo","Zmays_RefGen_V4",1,248973540,248856697,249080865,NA,224168,1e+05
"Mo","Zmays_RefGen_V4",1,249197588,249097588,249438110,NA,340522,1e+05
"Mo","Zmays_RefGen_V4",1,249699029,249599029,249799029,NA,2e+05,1e+05
"Mo","Zmays_RefGen_V4",1,252799678,252699678,252899678,NA,2e+05,1e+05
"Mo","Zmays_RefGen_V4",1,256605087,256505087,256705087,NA,2e+05,1e+05
"Mo","Zmays_RefGen_V4",1,272699736,272599736,272799736,NA,2e+05,1e+05
"Mo","Zmays_RefGen_V4",1,299456070,299356070,299556070,NA,2e+05,1e+05
"Ni","Zmays_RefGen_V4",1,9017843.5,8914694,9131755,NA,217061,1e+05
"Ni","Zmays_RefGen_V4",1,32292805.0666667,32147744,32397405,NA,249661,1e+05
"Ni","Zmays_RefGen_V4",1,44834701,44734701,44934701,NA,2e+05,1e+05
"Ni","Zmays_RefGen_V4",1,185368060.6,185232917,185490458,NA,257541,1e+05
"Ni","Zmays_RefGen_V4",1,194650463.75,194500781,194786032,NA,285251,1e+05
"Ni","Zmays_RefGen_V4",1,255418136,255317879,255518287,NA,200408,1e+05
"Ni","Zmays_RefGen_V4",1,262644839,262544839,262744839,NA,2e+05,1e+05
"Ni","Zmays_RefGen_V4",1,263026412,262926412,263126412,NA,2e+05,1e+05
"Ni","Zmays_RefGen_V4",1,263947277,263847271,264047283,NA,200012,1e+05
"P","Zmays_RefGen_V4",1,20293735,20193735,20393735,NA,2e+05,1e+05
"P","Zmays_RefGen_V4",1,294121110,294021110,294221110,NA,2e+05,1e+05
"Rb","Zmays_RefGen_V4",1,4534244,4434244,4634244,NA,2e+05,1e+05
"Rb","Zmays_RefGen_V4",1,8280764,8180764,8380764,NA,2e+05,1e+05
"Rb","Zmays_RefGen_V4",1,19565741,19465741,19665741,NA,2e+05,1e+05
"Rb","Zmays_RefGen_V4",1,21584735,21484735,21684735,NA,2e+05,1e+05
"Rb","Zmays_RefGen_V4",1,22010914,21910914,22110914,NA,2e+05,1e+05
"Rb","Zmays_RefGen_V4",1,22912052,22812052,23012052,NA,2e+05,1e+05
"Rb","Zmays_RefGen_V4",1,25770826,25670826,25870826,NA,2e+05,1e+05
"Rb","Zmays_RefGen_V4",1,56458722,56314861,56595263,NA,280402,1e+05
"Rb","Zmays_RefGen_V4",1,59116987,59016987,59216987,NA,2e+05,1e+05
"Rb","Zmays_RefGen_V4",1,283926108,283811553,284041894,NA,230341,1e+05
"S","Zmays_RefGen_V4",1,15685022,15585022,15785022,NA,2e+05,1e+05
"S","Zmays_RefGen_V4",1,17807589.6666667,17707528,17907627,NA,200099,1e+05
"S","Zmays_RefGen_V4",1,56338604,56238604,56438604,NA,2e+05,1e+05
"S","Zmays_RefGen_V4",1,222980693,222880693,223080693,NA,2e+05,1e+05
"S","Zmays_RefGen_V4",1,259647016.666667,259542141,259749858,NA,207717,1e+05
"S","Zmays_RefGen_V4",1,299223785,299115507,299332063,NA,216556,1e+05
"S","Zmays_RefGen_V4",1,302384052,302284052,302484052,NA,2e+05,1e+05
"S","Zmays_RefGen_V4",1,303892938.642857,303788777,304002464,NA,213687,1e+05
"S","Zmays_RefGen_V4",1,304373353,304273353,304473353,NA,2e+05,1e+05
"Se","Zmays_RefGen_V4",1,30473246,30373246,30573246,NA,2e+05,1e+05
"Se","Zmays_RefGen_V4",1,76080819,75980654,76180984,NA,200330,1e+05
"Se","Zmays_RefGen_V4",1,305023804,304923802,305123806,NA,200004,1e+05
"Sr","Zmays_RefGen_V4",1,16296019.6666667,16195969,16396103,NA,200134,1e+05
"Sr","Zmays_RefGen_V4",1,51358948,51258948,51458948,NA,2e+05,1e+05
"Sr","Zmays_RefGen_V4",1,56857359,56757315,56957382,NA,200067,1e+05
"Sr","Zmays_RefGen_V4",1,71489982,71389982,71589982,NA,2e+05,1e+05
"Sr","Zmays_RefGen_V4",1,76073019,75973019,76173019,NA,2e+05,1e+05
"Sr","Zmays_RefGen_V4",1,176520177.4,176418943,176621792,NA,202849,1e+05
"Sr","Zmays_RefGen_V4",1,253433088,253328032,253542323,NA,214291,1e+05
"Sr","Zmays_RefGen_V4",1,262154042,262053733,262254351,NA,200618,1e+05
"Sr","Zmays_RefGen_V4",1,279918027.583333,279817651,280018270,NA,200619,1e+05
"Sr","Zmays_RefGen_V4",1,290478356.75,290372735,290592885,NA,220150,1e+05
"Sr","Zmays_RefGen_V4",1,295610270,295510270,295710270,NA,2e+05,1e+05
"Zn","Zmays_RefGen_V4",1,218227843.5,218127825,218327862,NA,200037,1e+05
"Zn","Zmays_RefGen_V4",1,242037501.2,241937443,242137532,NA,200089,1e+05
"Zn","Zmays_RefGen_V4",1,259958723,259858723,260058723,NA,2e+05,1e+05
"Zn","Zmays_RefGen_V4",1,260232484,260132484,260332484,NA,2e+05,1e+05
"Zn","Zmays_RefGen_V4",1,272591873,272491873,272691873,NA,2e+05,1e+05
"Zn","Zmays_RefGen_V4",1,297301794.25,297201789,297401800,NA,200011,1e+05
"Cd","Zmays_RefGen_V4",2,43782079.6666667,43679846,43884864,NA,205018,1e+05
"Cd","Zmays_RefGen_V4",2,70929439,70829439,71029439,NA,2e+05,1e+05
"Cd","Zmays_RefGen_V4",2,137155206,137055206,137255206,NA,2e+05,1e+05
"Cd","Zmays_RefGen_V4",2,162963402,162863402,163338949,NA,475547,1e+05
"Cd","Zmays_RefGen_V4",2,182433779.5,182333776,182533783,NA,200007,1e+05
"Cd","Zmays_RefGen_V4",2,189561748,189461748,189661748,NA,2e+05,1e+05
"Co","Zmays_RefGen_V4",2,2701201,2601201,2801201,NA,2e+05,1e+05
"Co","Zmays_RefGen_V4",2,23816324.5,23708230,23924419,NA,216189,1e+05
"Co","Zmays_RefGen_V4",2,59856253,59727770,60012247,NA,284477,1e+05
"Co","Zmays_RefGen_V4",2,69788823,69687021,69889391,NA,202370,1e+05
"Co","Zmays_RefGen_V4",2,74516287,74416287,74616287,NA,2e+05,1e+05
"Co","Zmays_RefGen_V4",2,85361594.5769231,85137294,85536079,NA,398785,1e+05
"Co","Zmays_RefGen_V4",2,146116721.6,145975403,146245004,NA,269601,1e+05
"Co","Zmays_RefGen_V4",2,173742197.962963,173574039,173902406,NA,328367,1e+05
"Co","Zmays_RefGen_V4",2,188854709,188686975,189013777,NA,326802,1e+05
"Co","Zmays_RefGen_V4",2,231348116.75,231230604,231498116,NA,267512,1e+05
"Co","Zmays_RefGen_V4",2,233376719,233276719,233476719,NA,2e+05,1e+05
"Co","Zmays_RefGen_V4",2,235109849.285714,234953907,235228366,NA,274459,1e+05
"Co","Zmays_RefGen_V4",2,240563378,240463378,240663378,NA,2e+05,1e+05
"Cu","Zmays_RefGen_V4",2,16398665,16298665,16498665,NA,2e+05,1e+05
"Cu","Zmays_RefGen_V4",2,19413033,19313033,19513033,NA,2e+05,1e+05
"Cu","Zmays_RefGen_V4",2,31939064,31839064,32039064,NA,2e+05,1e+05
"Cu","Zmays_RefGen_V4",2,149003360,148903360,149103360,NA,2e+05,1e+05
"Cu","Zmays_RefGen_V4",2,187482449,187382449,187582449,NA,2e+05,1e+05
"Cu","Zmays_RefGen_V4",2,188156115.5,188056017,188256214,NA,200197,1e+05
"Cu","Zmays_RefGen_V4",2,192768835.466667,192665953,192870219,NA,204266,1e+05
"Cu","Zmays_RefGen_V4",2,193257542,193157542,193357542,NA,2e+05,1e+05
"Cu","Zmays_RefGen_V4",2,194127171,194027171,194227171,NA,2e+05,1e+05
"Cu","Zmays_RefGen_V4",2,200051401,199951401,200151401,NA,2e+05,1e+05
"Fe","Zmays_RefGen_V4",2,1436700,1336700,1536700,NA,2e+05,1e+05
"Fe","Zmays_RefGen_V4",2,4172145,4072145,4276664,NA,204519,1e+05
"Fe","Zmays_RefGen_V4",2,12960998,12860998,13060998,NA,2e+05,1e+05
"Fe","Zmays_RefGen_V4",2,18183987.5,18083987,18283988,NA,200001,1e+05
"Fe","Zmays_RefGen_V4",2,21955851,21855851,22055851,NA,2e+05,1e+05
"Fe","Zmays_RefGen_V4",2,24000682,23900682,24100682,NA,2e+05,1e+05
"Fe","Zmays_RefGen_V4",2,24215951,24115951,24315951,NA,2e+05,1e+05
"Fe","Zmays_RefGen_V4",2,25683098,25583098,25783098,NA,2e+05,1e+05
"Mg","Zmays_RefGen_V4",2,55367185,55267185,55467185,NA,2e+05,1e+05
"Mg","Zmays_RefGen_V4",2,138654248,138554248,138754248,NA,2e+05,1e+05
"Mg","Zmays_RefGen_V4",2,200530153.5,200429409,200630898,NA,201489,1e+05
"Mg","Zmays_RefGen_V4",2,218525633,218425633,218625633,NA,2e+05,1e+05
"Mn","Zmays_RefGen_V4",2,8673719,8573719,8773719,NA,2e+05,1e+05
"Mn","Zmays_RefGen_V4",2,14660048.5,14559501,14760596,NA,201095,1e+05
"Mn","Zmays_RefGen_V4",2,25875830,25761762,26147430,NA,385668,1e+05
"Mn","Zmays_RefGen_V4",2,241405541.5,241305535,241505548,NA,200013,1e+05
"Mo","Zmays_RefGen_V4",2,16947760,16847760,17047760,NA,2e+05,1e+05
"Mo","Zmays_RefGen_V4",2,32737023,32637023,32837023,NA,2e+05,1e+05
"Ni","Zmays_RefGen_V4",2,3894821,3794821,3994821,NA,2e+05,1e+05
"Ni","Zmays_RefGen_V4",2,20730522.5555556,20629974,20831312,NA,201338,1e+05
"Ni","Zmays_RefGen_V4",2,23893955,23793955,23997886,NA,203931,1e+05
"Ni","Zmays_RefGen_V4",2,62602360.25,62496340,63064231,NA,567891,1e+05
"Ni","Zmays_RefGen_V4",2,68182533.5833333,67206860,69247004,NA,2040144,1e+05
"Ni","Zmays_RefGen_V4",2,172014928.285714,171890361,172131635,NA,241274,1e+05
"Ni","Zmays_RefGen_V4",2,175269089,175169089,175369089,NA,2e+05,1e+05
"Ni","Zmays_RefGen_V4",2,192762117,192662117,192862117,NA,2e+05,1e+05
"Ni","Zmays_RefGen_V4",2,193259550,193159550,193510826,NA,351276,1e+05
"Ni","Zmays_RefGen_V4",2,193814828,193714828,193914828,NA,2e+05,1e+05
"Ni","Zmays_RefGen_V4",2,194068290,193968290,194358850,NA,390560,1e+05
"Ni","Zmays_RefGen_V4",2,194542799,194442799,194642799,NA,2e+05,1e+05
"Ni","Zmays_RefGen_V4",2,195068906,194968906,195168906,NA,2e+05,1e+05
"Ni","Zmays_RefGen_V4",2,196815906,196715906,196915906,NA,2e+05,1e+05
"Ni","Zmays_RefGen_V4",2,201907597,201807597,202007597,NA,2e+05,1e+05
"Ni","Zmays_RefGen_V4",2,202490886,202390886,202590886,NA,2e+05,1e+05
"Ni","Zmays_RefGen_V4",2,205691648,205591648,205791648,NA,2e+05,1e+05
"Ni","Zmays_RefGen_V4",2,207796866,207696866,207896866,NA,2e+05,1e+05
"P","Zmays_RefGen_V4",2,6690963,6588245,6793681,NA,205436,1e+05
"P","Zmays_RefGen_V4",2,200530595,200430595,200630595,NA,2e+05,1e+05
"Rb","Zmays_RefGen_V4",2,15315868,15215697,15416039,NA,200342,1e+05
"Rb","Zmays_RefGen_V4",2,65747911.6666667,65647350,65849015,NA,201665,1e+05
"Rb","Zmays_RefGen_V4",2,128160709,128060709,128260709,NA,2e+05,1e+05
"Rb","Zmays_RefGen_V4",2,179307015.25,179206844,179407306,NA,200462,1e+05
"Rb","Zmays_RefGen_V4",2,180010608,179910608,180110608,NA,2e+05,1e+05
"Rb","Zmays_RefGen_V4",2,214683724,214583724,214783724,NA,2e+05,1e+05
"Rb","Zmays_RefGen_V4",2,224115495,224015407,224215583,NA,200176,1e+05
"S","Zmays_RefGen_V4",2,195822611,195722611,195922611,NA,2e+05,1e+05
"S","Zmays_RefGen_V4",2,243868496,243768496,243968496,NA,2e+05,1e+05
"Sr","Zmays_RefGen_V4",2,10934198,10808703,11059693,NA,250990,1e+05
"Sr","Zmays_RefGen_V4",2,24252893.3333333,24150569,24354748,NA,204179,1e+05
"Sr","Zmays_RefGen_V4",2,29481767.5714286,29306917,29615183,NA,308266,1e+05
"Sr","Zmays_RefGen_V4",2,239173994.704225,239069356,239278439,NA,209083,1e+05
"Zn","Zmays_RefGen_V4",2,11628420.6153846,11527230,11729981,NA,202751,1e+05
"Zn","Zmays_RefGen_V4",2,15087053.1666667,14985705,15188083,NA,202378,1e+05
"Zn","Zmays_RefGen_V4",2,186533761.388889,186245562,186689640,NA,444078,1e+05
"Zn","Zmays_RefGen_V4",2,200166582,200066582,200266582,NA,2e+05,1e+05
"Zn","Zmays_RefGen_V4",2,203274328,203174328,203374328,NA,2e+05,1e+05
"Ca","Zmays_RefGen_V4",3,169450048,169350048,169550048,NA,2e+05,1e+05
"Ca","Zmays_RefGen_V4",3,172360965.222222,172254534,172488297,NA,233763,1e+05
"Ca","Zmays_RefGen_V4",3,178221383,178121383,178321383,NA,2e+05,1e+05
"Ca","Zmays_RefGen_V4",3,200479638.75,200379614,200579673,NA,200059,1e+05
"Ca","Zmays_RefGen_V4",3,210106248,210006248,210206248,NA,2e+05,1e+05
"Ca","Zmays_RefGen_V4",3,215936472.333333,215836180,216036627,NA,200447,1e+05
"Ca","Zmays_RefGen_V4",3,216462572,216362572,216562572,NA,2e+05,1e+05
"Co","Zmays_RefGen_V4",3,29814971.75,29700880,29922355,NA,221475,1e+05
"Co","Zmays_RefGen_V4",3,182689465,182578876,182811288,NA,232412,1e+05
"Co","Zmays_RefGen_V4",3,183064462.125,182956526,183217442,NA,260916,1e+05
"Co","Zmays_RefGen_V4",3,216391652,216291652,216491652,NA,2e+05,1e+05
"Co","Zmays_RefGen_V4",3,217139877,217039877,217239877,NA,2e+05,1e+05
"Co","Zmays_RefGen_V4",3,222573241,222445256,222730528,NA,285272,1e+05
"Co","Zmays_RefGen_V4",3,233923428.72093,233820092,234038924,NA,218832,1e+05
"Co","Zmays_RefGen_V4",3,235002562,234892985,235108951,NA,215966,1e+05
"Cu","Zmays_RefGen_V4",3,1335689,1235689,1435689,NA,2e+05,1e+05
"Cu","Zmays_RefGen_V4",3,3715516,3615487,3815545,NA,200058,1e+05
"Cu","Zmays_RefGen_V4",3,162280333,162180333,162380333,NA,2e+05,1e+05
"Cu","Zmays_RefGen_V4",3,182717061,182583189,182833613,NA,250424,1e+05
"Cu","Zmays_RefGen_V4",3,188037502,187937502,188137502,NA,2e+05,1e+05
"Cu","Zmays_RefGen_V4",3,190156620,190056620,190256620,NA,2e+05,1e+05
"Cu","Zmays_RefGen_V4",3,192804838,192704838,192904838,NA,2e+05,1e+05
"Cu","Zmays_RefGen_V4",3,207759666,207659666,207859666,NA,2e+05,1e+05
"Fe","Zmays_RefGen_V4",3,431721,331721,531721,NA,2e+05,1e+05
"Fe","Zmays_RefGen_V4",3,10366426,10266426,10466426,NA,2e+05,1e+05
"Fe","Zmays_RefGen_V4",3,10866994.5,10766989,10967000,NA,200011,1e+05
"Fe","Zmays_RefGen_V4",3,22734660.85,22556248,23143682,NA,587434,1e+05
"Fe","Zmays_RefGen_V4",3,204487307,204387307,204587307,NA,2e+05,1e+05
"Fe","Zmays_RefGen_V4",3,231440833,231340833,231540833,NA,2e+05,1e+05
"K","Zmays_RefGen_V4",3,3435631.5,3335381,3535889,NA,200508,1e+05
"K","Zmays_RefGen_V4",3,135095103,134995103,135195103,NA,2e+05,1e+05
"K","Zmays_RefGen_V4",3,159227512,159127512,159327512,NA,2e+05,1e+05
"K","Zmays_RefGen_V4",3,210467786,210367786,210567786,NA,2e+05,1e+05
"K","Zmays_RefGen_V4",3,212723507,212618197,212828817,NA,210620,1e+05
"K","Zmays_RefGen_V4",3,222397426,222297409,222497443,NA,200034,1e+05
"Mg","Zmays_RefGen_V4",3,762532,662532,862532,NA,2e+05,1e+05
"Mg","Zmays_RefGen_V4",3,3433202,3333202,3533202,NA,2e+05,1e+05
"Mg","Zmays_RefGen_V4",3,51324373,51224357,51424382,NA,200025,1e+05
"Mg","Zmays_RefGen_V4",3,135094708,134994708,135194708,NA,2e+05,1e+05
"Mg","Zmays_RefGen_V4",3,135497423,135397423,135599545,NA,202122,1e+05
"Mg","Zmays_RefGen_V4",3,136605751,136505751,136713904,NA,208153,1e+05
"Mg","Zmays_RefGen_V4",3,169450358,169348496,169555784,NA,207288,1e+05
"Mn","Zmays_RefGen_V4",3,10718207,10618207,10818207,NA,2e+05,1e+05
"Mn","Zmays_RefGen_V4",3,10944622.75,10843360,11046526,NA,203166,1e+05
"Mn","Zmays_RefGen_V4",3,15964957.125,15666637,16333105,NA,666468,1e+05
"Mn","Zmays_RefGen_V4",3,22408516,22308516,22638814,NA,330298,1e+05
"Mn","Zmays_RefGen_V4",3,23435595,23335595,23535595,NA,2e+05,1e+05
"Mn","Zmays_RefGen_V4",3,122373016,122273016,122473016,NA,2e+05,1e+05
"Mn","Zmays_RefGen_V4",3,136211545,136111545,136311545,NA,2e+05,1e+05
"Mn","Zmays_RefGen_V4",3,175976111.5,175875594,176076629,NA,201035,1e+05
"Mn","Zmays_RefGen_V4",3,177905723.272727,177757133,178033987,NA,276854,1e+05
"Mn","Zmays_RefGen_V4",3,180305594,180205594,180405594,NA,2e+05,1e+05
"Mn","Zmays_RefGen_V4",3,181021793.13242,180903370,181135344,NA,231974,1e+05
"Mn","Zmays_RefGen_V4",3,181528141.8125,181407585,181651878,NA,244293,1e+05
"Mn","Zmays_RefGen_V4",3,182894901,182794901,183076728,NA,281827,1e+05
"Mn","Zmays_RefGen_V4",3,184589169,184489113,184971957,NA,482844,1e+05
"Mn","Zmays_RefGen_V4",3,188179135,188079135,188279135,NA,2e+05,1e+05
"Mn","Zmays_RefGen_V4",3,192884703.5,192784703,192984704,NA,200001,1e+05
"Mo","Zmays_RefGen_V4",3,160609212,160509212,160709212,NA,2e+05,1e+05
"Mo","Zmays_RefGen_V4",3,187257155.8,187157126,187357204,NA,200078,1e+05
"Mo","Zmays_RefGen_V4",3,191848178,191748178,191948178,NA,2e+05,1e+05
"Mo","Zmays_RefGen_V4",3,192757807,192657807,192857807,NA,2e+05,1e+05
"Mo","Zmays_RefGen_V4",3,202335782,202235782,202435782,NA,2e+05,1e+05
"Mo","Zmays_RefGen_V4",3,214495515,214395515,214595515,NA,2e+05,1e+05
"Mo","Zmays_RefGen_V4",3,215489293,215389293,215589293,NA,2e+05,1e+05
"Mo","Zmays_RefGen_V4",3,216115919,216015919,216215919,NA,2e+05,1e+05
"Mo","Zmays_RefGen_V4",3,216389449.076923,216288969,216568269,NA,279300,1e+05
"Mo","Zmays_RefGen_V4",3,216981854,216881854,217081854,NA,2e+05,1e+05
"Mo","Zmays_RefGen_V4",3,217232110,217132110,217332110,NA,2e+05,1e+05
"Mo","Zmays_RefGen_V4",3,217631571,217531571,217731571,NA,2e+05,1e+05
"Mo","Zmays_RefGen_V4",3,218194487,218094487,218451997,NA,357510,1e+05
"Mo","Zmays_RefGen_V4",3,218639133,218539133,218739133,NA,2e+05,1e+05
"Mo","Zmays_RefGen_V4",3,219264418,219164418,219364418,NA,2e+05,1e+05
"Mo","Zmays_RefGen_V4",3,223026212,222912068,223140356,NA,228288,1e+05
"Ni","Zmays_RefGen_V4",3,1288493.25,1185436,1390315,NA,204879,1e+05
"Ni","Zmays_RefGen_V4",3,4996222,4896222,5096222,NA,2e+05,1e+05
"Ni","Zmays_RefGen_V4",3,149703056,149603056,149803056,NA,2e+05,1e+05
"Ni","Zmays_RefGen_V4",3,163737629.285714,163635032,163839590,NA,204558,1e+05
"Ni","Zmays_RefGen_V4",3,203339236,203239236,203439236,NA,2e+05,1e+05
"Ni","Zmays_RefGen_V4",3,221618243,221510633,221732295,NA,221662,1e+05
"Rb","Zmays_RefGen_V4",3,10157909,10057909,10257909,NA,2e+05,1e+05
"Rb","Zmays_RefGen_V4",3,15047424,14947424,15147424,NA,2e+05,1e+05
"Rb","Zmays_RefGen_V4",3,137009749.028571,136871483,137117116,NA,245633,1e+05
"Rb","Zmays_RefGen_V4",3,220747873.666667,220647795,220848025,NA,200230,1e+05
"Rb","Zmays_RefGen_V4",3,221180971,221080970,221403147,NA,322177,1e+05
"Rb","Zmays_RefGen_V4",3,221805886,221705886,221905886,NA,2e+05,1e+05
"Rb","Zmays_RefGen_V4",3,224620313,224520313,224720313,NA,2e+05,1e+05
"Rb","Zmays_RefGen_V4",3,225051824,224951438,225152223,NA,200785,1e+05
"S","Zmays_RefGen_V4",3,170795867,170695867,170895867,NA,2e+05,1e+05
"S","Zmays_RefGen_V4",3,172351196,172251196,172469067,NA,217871,1e+05
"S","Zmays_RefGen_V4",3,173089779,172989779,173189779,NA,2e+05,1e+05
"S","Zmays_RefGen_V4",3,174537841,174437841,174637841,NA,2e+05,1e+05
"S","Zmays_RefGen_V4",3,174793175,174693175,174893175,NA,2e+05,1e+05
"S","Zmays_RefGen_V4",3,175641390,175541371,175741412,NA,200041,1e+05
"S","Zmays_RefGen_V4",3,233918104.333333,233814685,234024940,NA,210255,1e+05
"Se","Zmays_RefGen_V4",3,5341263.5,5199439,5483088,NA,283649,1e+05
"Se","Zmays_RefGen_V4",3,228138015,228038015,228238015,NA,2e+05,1e+05
"Sr","Zmays_RefGen_V4",3,209273822,209173822,209373822,NA,2e+05,1e+05
"Sr","Zmays_RefGen_V4",3,212289131,212189131,212389131,NA,2e+05,1e+05
"Sr","Zmays_RefGen_V4",3,216210373,216110373,216310373,NA,2e+05,1e+05
"Sr","Zmays_RefGen_V4",3,218446386,218346386,218546386,NA,2e+05,1e+05
"Zn","Zmays_RefGen_V4",3,176867772,176767772,176967772,NA,2e+05,1e+05
"Zn","Zmays_RefGen_V4",3,177750971,177650971,177850971,NA,2e+05,1e+05
"Zn","Zmays_RefGen_V4",3,222852916,222752916,222952916,NA,2e+05,1e+05
"Zn","Zmays_RefGen_V4",3,231309687,231209687,231409687,NA,2e+05,1e+05
"As","Zmays_RefGen_V4",4,38283576,38183576,38383576,NA,2e+05,1e+05
"As","Zmays_RefGen_V4",4,66320636,66220636,66420636,NA,2e+05,1e+05
"As","Zmays_RefGen_V4",4,71757035,71657035,71857035,NA,2e+05,1e+05
"As","Zmays_RefGen_V4",4,173493727,173393727,173593727,NA,2e+05,1e+05
"B","Zmays_RefGen_V4",4,29608684.75,29371580,29776391,NA,404811,1e+05
"B","Zmays_RefGen_V4",4,43458446,43358446,43558446,NA,2e+05,1e+05
"Ca","Zmays_RefGen_V4",4,19028681,18928540,19128770,NA,200230,1e+05
"Ca","Zmays_RefGen_V4",4,120253053.8,120102659,120448128,NA,345469,1e+05
"Ca","Zmays_RefGen_V4",4,160035959,159935959,160135959,NA,2e+05,1e+05
"Ca","Zmays_RefGen_V4",4,160584910,160484910,160684910,NA,2e+05,1e+05
"Ca","Zmays_RefGen_V4",4,233000354.833333,232899647,233101824,NA,202177,1e+05
"Co","Zmays_RefGen_V4",4,3378475.64285714,3251219,3573132,NA,321913,1e+05
"Co","Zmays_RefGen_V4",4,5318863,5218863,5418863,NA,2e+05,1e+05
"Co","Zmays_RefGen_V4",4,159704437,159603802,159805072,NA,201270,1e+05
"Co","Zmays_RefGen_V4",4,182976535,182186183,183990739,NA,1804556,1e+05
"Co","Zmays_RefGen_V4",4,187332777,187232650,187432904,NA,200254,1e+05
"Co","Zmays_RefGen_V4",4,188964947,188853326,189087801,NA,234475,1e+05
"Co","Zmays_RefGen_V4",4,201965647.583333,201859180,202087110,NA,227930,1e+05
"Co","Zmays_RefGen_V4",4,205848440.5,205742402,205954479,NA,212077,1e+05
"Co","Zmays_RefGen_V4",4,206486838,206386838,206586838,NA,2e+05,1e+05
"Co","Zmays_RefGen_V4",4,240414776,240311370,240518182,NA,206812,1e+05
"Co","Zmays_RefGen_V4",4,243660248.5,243560248,243760249,NA,200001,1e+05
"Cu","Zmays_RefGen_V4",4,5794555,5694555,5894555,NA,2e+05,1e+05
"Cu","Zmays_RefGen_V4",4,183320066.111111,183216900,183421206,NA,204306,1e+05
"Cu","Zmays_RefGen_V4",4,233635897,233535790,233736004,NA,200214,1e+05
"Cu","Zmays_RefGen_V4",4,234096076.5,233996062,234196091,NA,200029,1e+05
"Cu","Zmays_RefGen_V4",4,241275020.666667,241175004,241375032,NA,200028,1e+05
"Fe","Zmays_RefGen_V4",4,153087910,152987910,153187910,NA,2e+05,1e+05
"Fe","Zmays_RefGen_V4",4,245531202,245431175,245631229,NA,200054,1e+05
"K","Zmays_RefGen_V4",4,40856146,40756146,40956146,NA,2e+05,1e+05
"K","Zmays_RefGen_V4",4,42650916.5,42410499,42807742,NA,397243,1e+05
"K","Zmays_RefGen_V4",4,43272201,43106760,43624417,NA,517657,1e+05
"K","Zmays_RefGen_V4",4,64094248,63994248,64194248,NA,2e+05,1e+05
"K","Zmays_RefGen_V4",4,72791541,72691541,72891541,NA,2e+05,1e+05
"K","Zmays_RefGen_V4",4,86525560,86425560,86625560,NA,2e+05,1e+05
"K","Zmays_RefGen_V4",4,131662440,131523419,131801461,NA,278042,1e+05
"K","Zmays_RefGen_V4",4,155273290,155173290,155373290,NA,2e+05,1e+05
"K","Zmays_RefGen_V4",4,178265391,178165391,178365391,NA,2e+05,1e+05
"K","Zmays_RefGen_V4",4,180150078,180050078,180250078,NA,2e+05,1e+05
"K","Zmays_RefGen_V4",4,191960555,191860553,192060557,NA,200004,1e+05
"K","Zmays_RefGen_V4",4,238628447.378378,238477611,238760099,NA,282488,1e+05
"K","Zmays_RefGen_V4",4,240634724,240534724,240734724,NA,2e+05,1e+05
"K","Zmays_RefGen_V4",4,242220227.5,242120214,242320241,NA,200027,1e+05
"K","Zmays_RefGen_V4",4,244831063,244731063,244931063,NA,2e+05,1e+05
"Mg","Zmays_RefGen_V4",4,38494243,38394243,38594243,NA,2e+05,1e+05
"Mg","Zmays_RefGen_V4",4,44797364,44697364,44897364,NA,2e+05,1e+05
"Mn","Zmays_RefGen_V4",4,5912653,5812653,6012653,NA,2e+05,1e+05
"Mn","Zmays_RefGen_V4",4,11350614.2272727,11124802,11597092,NA,472290,1e+05
"Mn","Zmays_RefGen_V4",4,27457727,27357727,27753733,NA,396006,1e+05
"Mn","Zmays_RefGen_V4",4,34986847,34886847,35086847,NA,2e+05,1e+05
"Mn","Zmays_RefGen_V4",4,159242296.666667,159138054,159344698,NA,206644,1e+05
"Mn","Zmays_RefGen_V4",4,162156897,162056897,162256897,NA,2e+05,1e+05
"Mn","Zmays_RefGen_V4",4,173802310,173702310,173902310,NA,2e+05,1e+05
"Mn","Zmays_RefGen_V4",4,175869124.333333,175769003,175969198,NA,200195,1e+05
"Mn","Zmays_RefGen_V4",4,178748199,178648199,178848199,NA,2e+05,1e+05
"Mn","Zmays_RefGen_V4",4,241454238.666667,241352833,241554944,NA,202111,1e+05
"Mo","Zmays_RefGen_V4",4,18945622,18843510,19047060,NA,203550,1e+05
"Mo","Zmays_RefGen_V4",4,163288892,163188892,163388892,NA,2e+05,1e+05
"Mo","Zmays_RefGen_V4",4,181633920,181533920,181733920,NA,2e+05,1e+05
"Ni","Zmays_RefGen_V4",4,3171291,3071264,3271318,NA,200054,1e+05
"Ni","Zmays_RefGen_V4",4,3602642,3502642,3702642,NA,2e+05,1e+05
"Ni","Zmays_RefGen_V4",4,13748742,13648742,13848742,NA,2e+05,1e+05
"Ni","Zmays_RefGen_V4",4,86686728,86586728,86786728,NA,2e+05,1e+05
"P","Zmays_RefGen_V4",4,38494243,38394243,38594243,NA,2e+05,1e+05
"P","Zmays_RefGen_V4",4,44835502,44735502,44935502,NA,2e+05,1e+05
"P","Zmays_RefGen_V4",4,128596425,128496425,128696425,NA,2e+05,1e+05
"P","Zmays_RefGen_V4",4,165044362.349315,164853156,165188982,NA,335826,1e+05
"P","Zmays_RefGen_V4",4,200168796,200068796,200268796,NA,2e+05,1e+05
"P","Zmays_RefGen_V4",4,243763091.666667,243663056,243863149,NA,200093,1e+05
"Rb","Zmays_RefGen_V4",4,2592052,2492052,2692052,NA,2e+05,1e+05
"Rb","Zmays_RefGen_V4",4,3065802,2965802,3185552,NA,219750,1e+05
"Rb","Zmays_RefGen_V4",4,10442704.125,10285312,10573616,NA,288304,1e+05
"Rb","Zmays_RefGen_V4",4,43460370.8571429,43341239,43690976,NA,349737,1e+05
"Rb","Zmays_RefGen_V4",4,44007166,43907166,44123001,NA,215835,1e+05
"Rb","Zmays_RefGen_V4",4,88123251,88023251,88223251,NA,2e+05,1e+05
"Rb","Zmays_RefGen_V4",4,91245138.2641509,91121435,91378663,NA,257228,1e+05
"Rb","Zmays_RefGen_V4",4,147072480,146972480,147172480,NA,2e+05,1e+05
"Rb","Zmays_RefGen_V4",4,158542092,158442092,158642092,NA,2e+05,1e+05
"Rb","Zmays_RefGen_V4",4,191960555,191860553,192060557,NA,200004,1e+05
"Rb","Zmays_RefGen_V4",4,218734128,218634128,218834128,NA,2e+05,1e+05
"Rb","Zmays_RefGen_V4",4,242212917,242112917,242312917,NA,2e+05,1e+05
"Rb","Zmays_RefGen_V4",4,244186179.5,244086098,244286261,NA,200163,1e+05
"S","Zmays_RefGen_V4",4,10206725,10106725,10306725,NA,2e+05,1e+05
"S","Zmays_RefGen_V4",4,20825528,20725528,20925528,NA,2e+05,1e+05
"S","Zmays_RefGen_V4",4,40869369,40769369,40969369,NA,2e+05,1e+05
"S","Zmays_RefGen_V4",4,43460370.8571429,43341239,43690976,NA,349737,1e+05
"S","Zmays_RefGen_V4",4,239082218,238982218,239182218,NA,2e+05,1e+05
"S","Zmays_RefGen_V4",4,242523812,242423812,242623812,NA,2e+05,1e+05
"S","Zmays_RefGen_V4",4,245034255,244934255,245134255,NA,2e+05,1e+05
"Sr","Zmays_RefGen_V4",4,21150676.4630872,21036680,21276981,NA,240301,1e+05
"Sr","Zmays_RefGen_V4",4,23945715,23845715,24045715,NA,2e+05,1e+05
"Sr","Zmays_RefGen_V4",4,34440832,34320065,34566604,NA,246539,1e+05
"Sr","Zmays_RefGen_V4",4,49392257.75,49174805,49531418,NA,356613,1e+05
"Sr","Zmays_RefGen_V4",4,168161508.5,168060304,168262713,NA,202409,1e+05
"Sr","Zmays_RefGen_V4",4,222970958,222756201,223153744,NA,397543,1e+05
"As","Zmays_RefGen_V4",5,3493295.5,3393293,3593298,NA,200005,1e+05
"As","Zmays_RefGen_V4",5,145284707,145184707,145384707,NA,2e+05,1e+05
"As","Zmays_RefGen_V4",5,175301309,175201309,175401309,NA,2e+05,1e+05
"Ca","Zmays_RefGen_V4",5,1899190.33333333,1798610,2000349,NA,201739,1e+05
"Ca","Zmays_RefGen_V4",5,2389465,2289465,2489465,NA,2e+05,1e+05
"Ca","Zmays_RefGen_V4",5,14832445,14732445,14932445,NA,2e+05,1e+05
"Ca","Zmays_RefGen_V4",5,179360375,179260375,179460375,NA,2e+05,1e+05
"Ca","Zmays_RefGen_V4",5,203670863.5,203570440,203771287,NA,200847,1e+05
"Ca","Zmays_RefGen_V4",5,212690345.666667,212590320,212790360,NA,200040,1e+05
"Ca","Zmays_RefGen_V4",5,215568988.576923,215464836,215673819,NA,208983,1e+05
"Co","Zmays_RefGen_V4",5,4824634,4724533,4924735,NA,200202,1e+05
"Co","Zmays_RefGen_V4",5,22857773.6153846,22695397,23015654,NA,320257,1e+05
"Co","Zmays_RefGen_V4",5,175219716.4,175118284,175326413,NA,208129,1e+05
"Co","Zmays_RefGen_V4",5,179029279,178926760,179133132,NA,206372,1e+05
"Co","Zmays_RefGen_V4",5,200700369,200600369,200800369,NA,2e+05,1e+05
"Co","Zmays_RefGen_V4",5,205068259.941176,204961017,205169642,NA,208625,1e+05
"Co","Zmays_RefGen_V4",5,205295847,205195835,205395860,NA,200025,1e+05
"Cu","Zmays_RefGen_V4",5,4774136,4674136,4874136,NA,2e+05,1e+05
"Cu","Zmays_RefGen_V4",5,5343248,5243248,5443248,NA,2e+05,1e+05
"Cu","Zmays_RefGen_V4",5,15741155.6666667,15640805,15841786,NA,200981,1e+05
"Cu","Zmays_RefGen_V4",5,205527905.333333,205377959,205677183,NA,299224,1e+05
"Cu","Zmays_RefGen_V4",5,211003595.75,210903300,211104137,NA,200837,1e+05
"Cu","Zmays_RefGen_V4",5,214626063.142857,214525516,214726395,NA,200879,1e+05
"Cu","Zmays_RefGen_V4",5,215546849,215446849,215646849,NA,2e+05,1e+05
"Fe","Zmays_RefGen_V4",5,161324942,161224942,161424942,NA,2e+05,1e+05
"Fe","Zmays_RefGen_V4",5,167820881,167720881,167920881,NA,2e+05,1e+05
"Fe","Zmays_RefGen_V4",5,200853833,200753833,200953833,NA,2e+05,1e+05
"Fe","Zmays_RefGen_V4",5,201473632,201373632,201573632,NA,2e+05,1e+05
"Fe","Zmays_RefGen_V4",5,219182567.571429,219082090,219282989,NA,200899,1e+05
"K","Zmays_RefGen_V4",5,12941871,12841871,13041871,NA,2e+05,1e+05
"K","Zmays_RefGen_V4",5,15171108,15071108,15271108,NA,2e+05,1e+05
"K","Zmays_RefGen_V4",5,17004920,16904920,17128423,NA,223503,1e+05
"K","Zmays_RefGen_V4",5,24561430.3333333,24358966,24724272,NA,365306,1e+05
"K","Zmays_RefGen_V4",5,171184498.142857,171082760,171291668,NA,208908,1e+05
"K","Zmays_RefGen_V4",5,209615573,209515573,209715573,NA,2e+05,1e+05
"K","Zmays_RefGen_V4",5,212588040,212488040,212688040,NA,2e+05,1e+05
"Mg","Zmays_RefGen_V4",5,81996179,81896179,82096179,NA,2e+05,1e+05
"Mg","Zmays_RefGen_V4",5,193858855,193758855,193958855,NA,2e+05,1e+05
"Mg","Zmays_RefGen_V4",5,197267512,197167512,197367512,NA,2e+05,1e+05
"Mg","Zmays_RefGen_V4",5,199542879.5,199442813,199642946,NA,200133,1e+05
"Mg","Zmays_RefGen_V4",5,203524842,203421819,203627865,NA,206046,1e+05
"Mg","Zmays_RefGen_V4",5,210003241,209903241,210103241,NA,2e+05,1e+05
"Mg","Zmays_RefGen_V4",5,211154480,211054432,211254541,NA,200109,1e+05
"Mg","Zmays_RefGen_V4",5,221158547.333333,221058534,221258573,NA,200039,1e+05
"Mn","Zmays_RefGen_V4",5,12790181,12690181,12890181,NA,2e+05,1e+05
"Mn","Zmays_RefGen_V4",5,211775731,211675731,211875731,NA,2e+05,1e+05
"Mn","Zmays_RefGen_V4",5,217941452,217841452,218041452,NA,2e+05,1e+05
"Mn","Zmays_RefGen_V4",5,218214466.5,218114431,218314502,NA,200071,1e+05
"Mn","Zmays_RefGen_V4",5,220721652.4,220621524,220821927,NA,200403,1e+05
"Mo","Zmays_RefGen_V4",5,3489197,3389197,3589197,NA,2e+05,1e+05
"Mo","Zmays_RefGen_V4",5,64283012,64183012,64383012,NA,2e+05,1e+05
"Mo","Zmays_RefGen_V4",5,158822798.266667,158717461,158933585,NA,216124,1e+05
"Mo","Zmays_RefGen_V4",5,162401688,162301688,162501688,NA,2e+05,1e+05
"Mo","Zmays_RefGen_V4",5,166645330,166545330,166745330,NA,2e+05,1e+05
"Mo","Zmays_RefGen_V4",5,176391797,176291797,176491797,NA,2e+05,1e+05
"Mo","Zmays_RefGen_V4",5,177044637,176944637,177144637,NA,2e+05,1e+05
"Mo","Zmays_RefGen_V4",5,178231925,178131925,178339689,NA,207764,1e+05
"Mo","Zmays_RefGen_V4",5,178448056,178348056,178733177,NA,385121,1e+05
"Mo","Zmays_RefGen_V4",5,179025942,178925942,179125942,NA,2e+05,1e+05
"Mo","Zmays_RefGen_V4",5,179607006,179507006,179707006,NA,2e+05,1e+05
"Mo","Zmays_RefGen_V4",5,180057121,179957121,180157121,NA,2e+05,1e+05
"Mo","Zmays_RefGen_V4",5,180478344,180378344,180578344,NA,2e+05,1e+05
"Mo","Zmays_RefGen_V4",5,210970910,210870910,211070910,NA,2e+05,1e+05
"Mo","Zmays_RefGen_V4",5,218215542,218115542,218315542,NA,2e+05,1e+05
"Mo","Zmays_RefGen_V4",5,218864883,218764883,219040413,NA,275530,1e+05
"Mo","Zmays_RefGen_V4",5,219952175,219850622,220055214,NA,204592,1e+05
"Ni","Zmays_RefGen_V4",5,192893614,192793614,192993614,NA,2e+05,1e+05
"Ni","Zmays_RefGen_V4",5,215721223,215621223,215821223,NA,2e+05,1e+05
"P","Zmays_RefGen_V4",5,153589157,153489157,153689157,NA,2e+05,1e+05
"P","Zmays_RefGen_V4",5,212500643,212400643,212600643,NA,2e+05,1e+05
"Rb","Zmays_RefGen_V4",5,5189132,5089033,5289231,NA,200198,1e+05
"Rb","Zmays_RefGen_V4",5,104503885.235294,104398999,104624382,NA,225383,1e+05
"Rb","Zmays_RefGen_V4",5,190497559.333333,190377716,190637111,NA,259395,1e+05
"Rb","Zmays_RefGen_V4",5,205251215.473684,204989483,205385586,NA,396103,1e+05
"Rb","Zmays_RefGen_V4",5,206072540,205972540,206172540,NA,2e+05,1e+05
"Rb","Zmays_RefGen_V4",5,212264408,212164408,212490768,NA,326360,1e+05
"Rb","Zmays_RefGen_V4",5,221867341,221767341,221967341,NA,2e+05,1e+05
"S","Zmays_RefGen_V4",5,209614798,209514798,209714798,NA,2e+05,1e+05
"S","Zmays_RefGen_V4",5,211122809,211022809,211222809,NA,2e+05,1e+05
"Sr","Zmays_RefGen_V4",5,13972068,13859153,14084983,NA,225830,1e+05
"Sr","Zmays_RefGen_V4",5,181430698,181330698,181530698,NA,2e+05,1e+05
"Sr","Zmays_RefGen_V4",5,199980773,199880773,200080773,NA,2e+05,1e+05
"Sr","Zmays_RefGen_V4",5,216597112,216497112,216697112,NA,2e+05,1e+05
"Zn","Zmays_RefGen_V4",5,15734390.5,15634100,15834681,NA,200581,1e+05
"Zn","Zmays_RefGen_V4",5,17892903,17792903,17992903,NA,2e+05,1e+05
"Zn","Zmays_RefGen_V4",5,179841403,179741403,179941403,NA,2e+05,1e+05
"Zn","Zmays_RefGen_V4",5,186656106,186556106,186756106,NA,2e+05,1e+05
"Zn","Zmays_RefGen_V4",5,188594457,188494457,188694457,NA,2e+05,1e+05
"Zn","Zmays_RefGen_V4",5,190357050.5,190257017,190457084,NA,200067,1e+05
"Zn","Zmays_RefGen_V4",5,193684628.666667,193584610,193784656,NA,200046,1e+05
"Zn","Zmays_RefGen_V4",5,194392638,194292638,194492638,NA,2e+05,1e+05
"Zn","Zmays_RefGen_V4",5,195025041.333333,194924478,195125889,NA,201411,1e+05
"Zn","Zmays_RefGen_V4",5,195352002.5,195251466,195452539,NA,201073,1e+05
"Zn","Zmays_RefGen_V4",5,195558851,195458851,195658851,NA,2e+05,1e+05
"Zn","Zmays_RefGen_V4",5,196071532,195971532,196171532,NA,2e+05,1e+05
"Zn","Zmays_RefGen_V4",5,196312249,196212249,196497359,NA,285110,1e+05
"Zn","Zmays_RefGen_V4",5,199281795,199181795,199381795,NA,2e+05,1e+05
"Zn","Zmays_RefGen_V4",5,200853586,200753586,200953586,NA,2e+05,1e+05
"Zn","Zmays_RefGen_V4",5,211153413,211053413,211253413,NA,2e+05,1e+05
"Zn","Zmays_RefGen_V4",5,212264331.888889,212158961,212370298,NA,211337,1e+05
"Zn","Zmays_RefGen_V4",5,218885211,218785211,218985211,NA,2e+05,1e+05
"As","Zmays_RefGen_V4",6,164738616.142857,164638587,164838644,NA,200057,1e+05
"As","Zmays_RefGen_V4",6,167628504.5,167525283,167731726,NA,206443,1e+05
"B","Zmays_RefGen_V4",6,110416694,110315760,110517102,NA,201342,1e+05
"B","Zmays_RefGen_V4",6,163762171,163662171,163862171,NA,2e+05,1e+05
"B","Zmays_RefGen_V4",6,165173752.666667,165073619,165273900,NA,200281,1e+05
"Ca","Zmays_RefGen_V4",6,22486804,22386804,22586804,NA,2e+05,1e+05
"Ca","Zmays_RefGen_V4",6,26778818,26678818,26878818,NA,2e+05,1e+05
"Ca","Zmays_RefGen_V4",6,71917226.1666667,71813854,72022526,NA,208672,1e+05
"Ca","Zmays_RefGen_V4",6,152593358,152493358,152693358,NA,2e+05,1e+05
"Ca","Zmays_RefGen_V4",6,153714962,153614962,153814962,NA,2e+05,1e+05
"Ca","Zmays_RefGen_V4",6,165067076,164967076,165167076,NA,2e+05,1e+05
"Ca","Zmays_RefGen_V4",6,166533198,166431871,166634479,NA,202608,1e+05
"Ca","Zmays_RefGen_V4",6,168833080,168733080,168933080,NA,2e+05,1e+05
"Cd","Zmays_RefGen_V4",6,99581181,99481181,99681181,NA,2e+05,1e+05
"Cd","Zmays_RefGen_V4",6,168822893,168722893,168922893,NA,2e+05,1e+05
"Co","Zmays_RefGen_V4",6,2059445.33333333,1959400,2159519,NA,200119,1e+05
"Co","Zmays_RefGen_V4",6,4963046,4863046,5063046,NA,2e+05,1e+05
"Co","Zmays_RefGen_V4",6,120003579,119903579,120103579,NA,2e+05,1e+05
"Co","Zmays_RefGen_V4",6,170973950,170873950,171073950,NA,2e+05,1e+05
"Fe","Zmays_RefGen_V4",6,28453276.3333333,28351596,28555030,NA,203434,1e+05
"Fe","Zmays_RefGen_V4",6,145807476,145707476,145907476,NA,2e+05,1e+05
"Fe","Zmays_RefGen_V4",6,154785273,154685273,154885273,NA,2e+05,1e+05
"Fe","Zmays_RefGen_V4",6,166309294.5,166209215,166409425,NA,200210,1e+05
"Fe","Zmays_RefGen_V4",6,166893242,166793242,166993242,NA,2e+05,1e+05
"Fe","Zmays_RefGen_V4",6,171869557.538462,171768984,171970123,NA,201139,1e+05
"K","Zmays_RefGen_V4",6,108610877.821429,108450339,108720131,NA,269792,1e+05
"K","Zmays_RefGen_V4",6,112170555,112070555,112270555,NA,2e+05,1e+05
"Mg","Zmays_RefGen_V4",6,28097971,27997971,28197971,NA,2e+05,1e+05
"Mg","Zmays_RefGen_V4",6,63339463.25,63153848,63468028,NA,314180,1e+05
"Mg","Zmays_RefGen_V4",6,150087038.16,149966398,150263048,NA,296650,1e+05
"Mg","Zmays_RefGen_V4",6,153180725,153080706,153280741,NA,200035,1e+05
"Mg","Zmays_RefGen_V4",6,159763854,159663854,159863854,NA,2e+05,1e+05
"Mg","Zmays_RefGen_V4",6,165892793,165792793,165992793,NA,2e+05,1e+05
"Mg","Zmays_RefGen_V4",6,166304445.5,166204382,166404509,NA,200127,1e+05
"Mg","Zmays_RefGen_V4",6,166801196,166701192,166901200,NA,200008,1e+05
"Mg","Zmays_RefGen_V4",6,167627090,167527090,167727090,NA,2e+05,1e+05
"Mg","Zmays_RefGen_V4",6,168771597,168671597,168871597,NA,2e+05,1e+05
"Mg","Zmays_RefGen_V4",6,169394166,169294166,169494166,NA,2e+05,1e+05
"Mg","Zmays_RefGen_V4",6,169678582,169578582,169778582,NA,2e+05,1e+05
"Mg","Zmays_RefGen_V4",6,172038003,171938003,172138003,NA,2e+05,1e+05
"Mn","Zmays_RefGen_V4",6,33611227,33511227,33711227,NA,2e+05,1e+05
"Mn","Zmays_RefGen_V4",6,125470330,125370330,125570330,NA,2e+05,1e+05
"Mo","Zmays_RefGen_V4",6,87193973,87093973,87293973,NA,2e+05,1e+05
"Mo","Zmays_RefGen_V4",6,145320096.666667,145219934,145420421,NA,200487,1e+05
"Mo","Zmays_RefGen_V4",6,145782017,145682017,145882017,NA,2e+05,1e+05
"P","Zmays_RefGen_V4",6,96699006,96599006,96799006,NA,2e+05,1e+05
"P","Zmays_RefGen_V4",6,106310210,106210210,106410210,NA,2e+05,1e+05
"P","Zmays_RefGen_V4",6,107627089,107527089,107727089,NA,2e+05,1e+05
"P","Zmays_RefGen_V4",6,151006362,150906362,151106362,NA,2e+05,1e+05
"P","Zmays_RefGen_V4",6,154926536.333333,154826520,155026546,NA,200026,1e+05
"P","Zmays_RefGen_V4",6,168456850,168353003,168560697,NA,207694,1e+05
"P","Zmays_RefGen_V4",6,169501154,169401154,169601154,NA,2e+05,1e+05
"P","Zmays_RefGen_V4",6,171874316,171774316,171974316,NA,2e+05,1e+05
"Rb","Zmays_RefGen_V4",6,145148814,145048814,145248814,NA,2e+05,1e+05
"Rb","Zmays_RefGen_V4",6,158920762,158820762,159020762,NA,2e+05,1e+05
"Rb","Zmays_RefGen_V4",6,159311760.666667,159211189,159412229,NA,201040,1e+05
"S","Zmays_RefGen_V4",6,7337851,7237851,7437851,NA,2e+05,1e+05
"S","Zmays_RefGen_V4",6,139819636,139719636,139919636,NA,2e+05,1e+05
"S","Zmays_RefGen_V4",6,150925083,150825083,151025083,NA,2e+05,1e+05
"S","Zmays_RefGen_V4",6,155062454,154962454,155162454,NA,2e+05,1e+05
"S","Zmays_RefGen_V4",6,171049660,170949660,171149660,NA,2e+05,1e+05
"Sr","Zmays_RefGen_V4",6,162745139.666667,162645137,162845144,NA,200007,1e+05
"Sr","Zmays_RefGen_V4",6,166475316,166375316,166575316,NA,2e+05,1e+05
"Sr","Zmays_RefGen_V4",6,167227382,167127382,167327382,NA,2e+05,1e+05
"Zn","Zmays_RefGen_V4",6,9054015,8954015,9154015,NA,2e+05,1e+05
"Zn","Zmays_RefGen_V4",6,65321246.6666667,65221203,65421329,NA,200126,1e+05
"Zn","Zmays_RefGen_V4",6,77578109,77478109,77678109,NA,2e+05,1e+05
"Zn","Zmays_RefGen_V4",6,86136970,86036970,86236970,NA,2e+05,1e+05
"Zn","Zmays_RefGen_V4",6,155441946,155325120,155558772,NA,233652,1e+05
"Zn","Zmays_RefGen_V4",6,157414327.25,157313873,157514713,NA,200840,1e+05
"As","Zmays_RefGen_V4",7,162746412,162646412,162846412,NA,2e+05,1e+05
"As","Zmays_RefGen_V4",7,169114566,169014566,169214566,NA,2e+05,1e+05
"Ca","Zmays_RefGen_V4",7,132731816,132631816,132831816,NA,2e+05,1e+05
"Ca","Zmays_RefGen_V4",7,151210918,151110918,151310918,NA,2e+05,1e+05
"Ca","Zmays_RefGen_V4",7,167274115,167174115,167374115,NA,2e+05,1e+05
"Ca","Zmays_RefGen_V4",7,170373816,170273816,170473816,NA,2e+05,1e+05
"Cd","Zmays_RefGen_V4",7,30537762,30437762,30637762,NA,2e+05,1e+05
"Cd","Zmays_RefGen_V4",7,175459548,175359548,175559548,NA,2e+05,1e+05
"Cd","Zmays_RefGen_V4",7,180325997,180225997,180425997,NA,2e+05,1e+05
"Co","Zmays_RefGen_V4",7,5353929,5253929,5453929,NA,2e+05,1e+05
"Co","Zmays_RefGen_V4",7,9350326,9232546,9462459,NA,229913,1e+05
"Co","Zmays_RefGen_V4",7,15279051,15179051,15379051,NA,2e+05,1e+05
"Co","Zmays_RefGen_V4",7,15732123,15632123,15832123,NA,2e+05,1e+05
"Co","Zmays_RefGen_V4",7,16227398.4375,15972643,16751951,NA,779308,1e+05
"Co","Zmays_RefGen_V4",7,17864524,17764506,17964542,NA,200036,1e+05
"Co","Zmays_RefGen_V4",7,18347890.9333333,18027020,18555928,NA,528908,1e+05
"Co","Zmays_RefGen_V4",7,18785940.3333333,18671999,18895815,NA,223816,1e+05
"Co","Zmays_RefGen_V4",7,19869482,19769281,19969683,NA,200402,1e+05
"Co","Zmays_RefGen_V4",7,21621141,21521141,21721141,NA,2e+05,1e+05
"Co","Zmays_RefGen_V4",7,22574377,22474377,22741894,NA,267517,1e+05
"Co","Zmays_RefGen_V4",7,24340347,24240347,24440347,NA,2e+05,1e+05
"Co","Zmays_RefGen_V4",7,25229388,25129388,25329388,NA,2e+05,1e+05
"Co","Zmays_RefGen_V4",7,27538104,27438104,27807053,NA,368949,1e+05
"Co","Zmays_RefGen_V4",7,33341529,33241529,33441529,NA,2e+05,1e+05
"Co","Zmays_RefGen_V4",7,122228508,122128054,122328962,NA,200908,1e+05
"Co","Zmays_RefGen_V4",7,123844711.555556,123716302,124057408,NA,341106,1e+05
"Co","Zmays_RefGen_V4",7,166912591.153846,166811663,167013591,NA,201928,1e+05
"Co","Zmays_RefGen_V4",7,172544242,172443817,172644590,NA,200773,1e+05
"Co","Zmays_RefGen_V4",7,172910180.3,172800197,173066658,NA,266461,1e+05
"Co","Zmays_RefGen_V4",7,176616536,176516536,176716536,NA,2e+05,1e+05
"Cu","Zmays_RefGen_V4",7,5390268,5290236,5490300,NA,200064,1e+05
"Cu","Zmays_RefGen_V4",7,128795988,128695024,128897664,NA,202640,1e+05
"Cu","Zmays_RefGen_V4",7,147728502,147628502,147828502,NA,2e+05,1e+05
"Cu","Zmays_RefGen_V4",7,150896353,150796353,150997806,NA,201453,1e+05
"Cu","Zmays_RefGen_V4",7,166768200,166668200,166868200,NA,2e+05,1e+05
"Cu","Zmays_RefGen_V4",7,167371529,167271529,167471529,NA,2e+05,1e+05
"Fe","Zmays_RefGen_V4",7,4283751,4183750,4576873,NA,393123,1e+05
"Fe","Zmays_RefGen_V4",7,5225882,5125882,5325882,NA,2e+05,1e+05
"Fe","Zmays_RefGen_V4",7,5870534,5770534,5970534,NA,2e+05,1e+05
"Fe","Zmays_RefGen_V4",7,10207187,10107187,10307187,NA,2e+05,1e+05
"Fe","Zmays_RefGen_V4",7,166072202,165972202,166172814,NA,200612,1e+05
"Fe","Zmays_RefGen_V4",7,166770198,166670198,166870198,NA,2e+05,1e+05
"Fe","Zmays_RefGen_V4",7,167374246,167274246,167474246,NA,2e+05,1e+05
"Fe","Zmays_RefGen_V4",7,177302821,177202821,177405303,NA,202482,1e+05
"Fe","Zmays_RefGen_V4",7,178254466,178154466,178354466,NA,2e+05,1e+05
"Fe","Zmays_RefGen_V4",7,179068172,178968172,179430350,NA,462178,1e+05
"Fe","Zmays_RefGen_V4",7,179927303,179827303,180176922,NA,349619,1e+05
"Fe","Zmays_RefGen_V4",7,180509779,180409779,180609779,NA,2e+05,1e+05
"Fe","Zmays_RefGen_V4",7,180835409,180735087,180936051,NA,200964,1e+05
"Mg","Zmays_RefGen_V4",7,48337274.5,48231029,48443520,NA,212491,1e+05
"Mg","Zmays_RefGen_V4",7,165933525,165833519,166033531,NA,200012,1e+05
"Mg","Zmays_RefGen_V4",7,178255192,178154478,178356074,NA,201596,1e+05
"Mn","Zmays_RefGen_V4",7,5393020,5293020,5493020,NA,2e+05,1e+05
"Mn","Zmays_RefGen_V4",7,9355184,9255184,9455184,NA,2e+05,1e+05
"Mn","Zmays_RefGen_V4",7,147970500,147870416,148070640,NA,200224,1e+05
"Mn","Zmays_RefGen_V4",7,148458013.777778,148357495,148558740,NA,201245,1e+05
"Mn","Zmays_RefGen_V4",7,164497990,164397990,164597990,NA,2e+05,1e+05
"Mn","Zmays_RefGen_V4",7,171658535.375,171488085,171806211,NA,318126,1e+05
"Mo","Zmays_RefGen_V4",7,2540527,2440476,2640618,NA,200142,1e+05
"Mo","Zmays_RefGen_V4",7,3306186,3206173,3406199,NA,200026,1e+05
"Mo","Zmays_RefGen_V4",7,4102647,4002647,4202647,NA,2e+05,1e+05
"Mo","Zmays_RefGen_V4",7,22115221,22015221,22215221,NA,2e+05,1e+05
"Mo","Zmays_RefGen_V4",7,155185463,155085463,155285463,NA,2e+05,1e+05
"Mo","Zmays_RefGen_V4",7,165274304,165174304,165374304,NA,2e+05,1e+05
"Mo","Zmays_RefGen_V4",7,179748239,179648239,179848239,NA,2e+05,1e+05
"Ni","Zmays_RefGen_V4",7,2271003,2171003,2371003,NA,2e+05,1e+05
"Ni","Zmays_RefGen_V4",7,133380844,133280844,133480844,NA,2e+05,1e+05
"Ni","Zmays_RefGen_V4",7,151120243.818182,150997713,151311776,NA,314063,1e+05
"Ni","Zmays_RefGen_V4",7,161429714,161329714,161529714,NA,2e+05,1e+05
"Ni","Zmays_RefGen_V4",7,173953639,173853639,174053639,NA,2e+05,1e+05
"P","Zmays_RefGen_V4",7,2686320.5,2586283,2786358,NA,200075,1e+05
"P","Zmays_RefGen_V4",7,146504477,146404442,146604512,NA,200070,1e+05
"P","Zmays_RefGen_V4",7,147974021.6875,147872761,148074604,NA,201843,1e+05
"P","Zmays_RefGen_V4",7,167816701.5,167716659,167926016,NA,209357,1e+05
"P","Zmays_RefGen_V4",7,180836168.8,180736111,180936210,NA,200099,1e+05
"Rb","Zmays_RefGen_V4",7,143900762,143800762,144000762,NA,2e+05,1e+05
"Rb","Zmays_RefGen_V4",7,150140297,150040297,150240297,NA,2e+05,1e+05
"Rb","Zmays_RefGen_V4",7,171250807.7,171132293,171384578,NA,252285,1e+05
"S","Zmays_RefGen_V4",7,1420489,1320489,1520489,NA,2e+05,1e+05
"S","Zmays_RefGen_V4",7,6583895,6483895,6683895,NA,2e+05,1e+05
"S","Zmays_RefGen_V4",7,161725144,161625144,161825144,NA,2e+05,1e+05
"S","Zmays_RefGen_V4",7,180239611,180139611,180339611,NA,2e+05,1e+05
"Se","Zmays_RefGen_V4",7,162502247,162402247,162602247,NA,2e+05,1e+05
"Se","Zmays_RefGen_V4",7,171441708,171341708,171541708,NA,2e+05,1e+05
"Sr","Zmays_RefGen_V4",7,167284439,167184439,167384439,NA,2e+05,1e+05
"Sr","Zmays_RefGen_V4",7,170390917,170290901,170490933,NA,200032,1e+05
"Zn","Zmays_RefGen_V4",7,130530202.5,130429789,130630616,NA,200827,1e+05
"Zn","Zmays_RefGen_V4",7,149132753,149032753,149232753,NA,2e+05,1e+05
"Zn","Zmays_RefGen_V4",7,174481006,174381006,174581006,NA,2e+05,1e+05
"Zn","Zmays_RefGen_V4",7,176667052,176567052,176767052,NA,2e+05,1e+05
"Zn","Zmays_RefGen_V4",7,179019194,178919194,179119194,NA,2e+05,1e+05
"Zn","Zmays_RefGen_V4",7,179470337.375,179369602,179574033,NA,204431,1e+05
"Zn","Zmays_RefGen_V4",7,179979779,179879779,180103795,NA,224016,1e+05
"Zn","Zmays_RefGen_V4",7,180232808,180132808,180400625,NA,267817,1e+05
"Zn","Zmays_RefGen_V4",7,180509779,180409779,180609779,NA,2e+05,1e+05
"Zn","Zmays_RefGen_V4",7,180835409,180735087,180936051,NA,200964,1e+05
"As","Zmays_RefGen_V4",8,81134800,81034800,81234800,NA,2e+05,1e+05
"As","Zmays_RefGen_V4",8,137867989,137767989,137967989,NA,2e+05,1e+05
"As","Zmays_RefGen_V4",8,169618546,169518546,169718546,NA,2e+05,1e+05
"Co","Zmays_RefGen_V4",8,7167715,7067715,7267715,NA,2e+05,1e+05
"Co","Zmays_RefGen_V4",8,8326555,8217107,8431333,NA,214226,1e+05
"Co","Zmays_RefGen_V4",8,104913690,104813690,105013690,NA,2e+05,1e+05
"Co","Zmays_RefGen_V4",8,155245577,155145577,155345577,NA,2e+05,1e+05
"Co","Zmays_RefGen_V4",8,166524725,166424725,166624725,NA,2e+05,1e+05
"Co","Zmays_RefGen_V4",8,168890893.294118,168790643,168991159,NA,200516,1e+05
"Co","Zmays_RefGen_V4",8,172324867,172224867,172424867,NA,2e+05,1e+05
"Co","Zmays_RefGen_V4",8,173899186.6,173756815,174089045,NA,332230,1e+05
"Co","Zmays_RefGen_V4",8,176648812,176548812,176748812,NA,2e+05,1e+05
"Co","Zmays_RefGen_V4",8,179796037,179696037,179896037,NA,2e+05,1e+05
"Cu","Zmays_RefGen_V4",8,12512705,12412705,12612705,NA,2e+05,1e+05
"Cu","Zmays_RefGen_V4",8,13090473,12990473,13190473,NA,2e+05,1e+05
"Cu","Zmays_RefGen_V4",8,15170118.0909091,15068887,15273249,NA,204362,1e+05
"Cu","Zmays_RefGen_V4",8,15480096,15380096,15580096,NA,2e+05,1e+05
"Cu","Zmays_RefGen_V4",8,47967207,47867207,48067207,NA,2e+05,1e+05
"Cu","Zmays_RefGen_V4",8,97513501,97273989,97853204,NA,579215,1e+05
"Cu","Zmays_RefGen_V4",8,128848683.111111,128681475,129001065,NA,319590,1e+05
"Cu","Zmays_RefGen_V4",8,133019289,132919289,133119289,NA,2e+05,1e+05
"Cu","Zmays_RefGen_V4",8,137133664,137033664,137233664,NA,2e+05,1e+05
"Cu","Zmays_RefGen_V4",8,137935068.5,137830445,138039692,NA,209247,1e+05
"Cu","Zmays_RefGen_V4",8,141045895,140945895,141145895,NA,2e+05,1e+05
"Cu","Zmays_RefGen_V4",8,149451570,149351570,149551570,NA,2e+05,1e+05
"Cu","Zmays_RefGen_V4",8,154372702.25,154272170,154473587,NA,201417,1e+05
"Cu","Zmays_RefGen_V4",8,155132688,155032688,155232688,NA,2e+05,1e+05
"Cu","Zmays_RefGen_V4",8,177522413,177422413,177622413,NA,2e+05,1e+05
"Cu","Zmays_RefGen_V4",8,178106378.5,178006355,178206402,NA,200047,1e+05
"Fe","Zmays_RefGen_V4",8,17287676,17187676,17387676,NA,2e+05,1e+05
"Fe","Zmays_RefGen_V4",8,109068886,108968886,109168886,NA,2e+05,1e+05
"Fe","Zmays_RefGen_V4",8,149369518,149269518,149469518,NA,2e+05,1e+05
"Fe","Zmays_RefGen_V4",8,152574258,152474258,152674258,NA,2e+05,1e+05
"Fe","Zmays_RefGen_V4",8,164590110,164490081,164690751,NA,200670,1e+05
"Fe","Zmays_RefGen_V4",8,168996135,168896135,169096135,NA,2e+05,1e+05
"Fe","Zmays_RefGen_V4",8,170145658.25,170045461,170245788,NA,200327,1e+05
"Fe","Zmays_RefGen_V4",8,170537233,170437233,170766659,NA,329426,1e+05
"Fe","Zmays_RefGen_V4",8,171683129.5,171582085,171925872,NA,343787,1e+05
"Fe","Zmays_RefGen_V4",8,173496194,173396194,173596194,NA,2e+05,1e+05
"Fe","Zmays_RefGen_V4",8,173779094,173679094,173879094,NA,2e+05,1e+05
"K","Zmays_RefGen_V4",8,21416416,21316416,21516416,NA,2e+05,1e+05
"K","Zmays_RefGen_V4",8,175596168,175495777,175696422,NA,200645,1e+05
"K","Zmays_RefGen_V4",8,176821681,176721681,176921681,NA,2e+05,1e+05
"K","Zmays_RefGen_V4",8,177679731,177579731,177779731,NA,2e+05,1e+05
"K","Zmays_RefGen_V4",8,178287032,178187032,178387032,NA,2e+05,1e+05
"Mg","Zmays_RefGen_V4",8,5660825.5,5557865,5763786,NA,205921,1e+05
"Mg","Zmays_RefGen_V4",8,16877247.125,16777061,16977483,NA,200422,1e+05
"Mg","Zmays_RefGen_V4",8,118002653,117899852,118106072,NA,206220,1e+05
"Mg","Zmays_RefGen_V4",8,148943735,148843735,149043735,NA,2e+05,1e+05
"Mn","Zmays_RefGen_V4",8,15205729,15105729,15305729,NA,2e+05,1e+05
"Mn","Zmays_RefGen_V4",8,158578211.210526,158459098,158694034,NA,234936,1e+05
"Mn","Zmays_RefGen_V4",8,176004287,175904287,176104287,NA,2e+05,1e+05
"Mn","Zmays_RefGen_V4",8,177059751,176959751,177159751,NA,2e+05,1e+05
"Ni","Zmays_RefGen_V4",8,134640953,134540953,134740953,NA,2e+05,1e+05
"Ni","Zmays_RefGen_V4",8,177038827.714286,176936492,177139898,NA,203406,1e+05
"Ni","Zmays_RefGen_V4",8,179033111.727273,178905532,179150109,NA,244577,1e+05
"P","Zmays_RefGen_V4",8,157107002.5,157006934,157331263,NA,324329,1e+05
"P","Zmays_RefGen_V4",8,159897995.75,159797961,159998016,NA,200055,1e+05
"Rb","Zmays_RefGen_V4",8,21238703.25,21138550,21495681,NA,357131,1e+05
"Rb","Zmays_RefGen_V4",8,63594453,63494453,63694453,NA,2e+05,1e+05
"Rb","Zmays_RefGen_V4",8,159904313.714286,159801627,160005217,NA,203590,1e+05
"S","Zmays_RefGen_V4",8,1665734,1565734,1765734,NA,2e+05,1e+05
"S","Zmays_RefGen_V4",8,10449967,10349967,10549967,NA,2e+05,1e+05
"S","Zmays_RefGen_V4",8,13284614,13184614,13443562,NA,258948,1e+05
"S","Zmays_RefGen_V4",8,16475907,16375773,16576041,NA,200268,1e+05
"S","Zmays_RefGen_V4",8,16887063,16787063,16987063,NA,2e+05,1e+05
"S","Zmays_RefGen_V4",8,125534954,125434954,125634954,NA,2e+05,1e+05
"S","Zmays_RefGen_V4",8,149474535,149374535,149574535,NA,2e+05,1e+05
"S","Zmays_RefGen_V4",8,164552915,164452915,164652915,NA,2e+05,1e+05
"S","Zmays_RefGen_V4",8,169615514,169515514,169715514,NA,2e+05,1e+05
"S","Zmays_RefGen_V4",8,170419947,170319196,170632425,NA,313229,1e+05
"S","Zmays_RefGen_V4",8,170756450.4,170655732,170857604,NA,201872,1e+05
"Zn","Zmays_RefGen_V4",8,625871,525871,725871,NA,2e+05,1e+05
"Zn","Zmays_RefGen_V4",8,8410033,8310033,8510033,NA,2e+05,1e+05
"Zn","Zmays_RefGen_V4",8,12038542,11938542,12138542,NA,2e+05,1e+05
"Zn","Zmays_RefGen_V4",8,169561379,169461379,169661379,NA,2e+05,1e+05
"As","Zmays_RefGen_V4",9,148016186,147916186,148116186,NA,2e+05,1e+05
"As","Zmays_RefGen_V4",9,149270968,149170968,149370968,NA,2e+05,1e+05
"As","Zmays_RefGen_V4",9,153988975,153888975,154088975,NA,2e+05,1e+05
"B","Zmays_RefGen_V4",9,18791896,18691896,18891896,NA,2e+05,1e+05
"B","Zmays_RefGen_V4",9,153886694.5,153786679,153986710,NA,200031,1e+05
"Ca","Zmays_RefGen_V4",9,4694469,4594469,4794469,NA,2e+05,1e+05
"Ca","Zmays_RefGen_V4",9,20480586.4285714,20379939,20581416,NA,201477,1e+05
"Ca","Zmays_RefGen_V4",9,31764009,31664009,31864009,NA,2e+05,1e+05
"Ca","Zmays_RefGen_V4",9,139394220,139294220,139577094,NA,282874,1e+05
"Ca","Zmays_RefGen_V4",9,140346861,140246861,140446861,NA,2e+05,1e+05
"Ca","Zmays_RefGen_V4",9,144997640,144897640,145097640,NA,2e+05,1e+05
"Co","Zmays_RefGen_V4",9,643892.333333333,525927,750137,NA,224210,1e+05
"Co","Zmays_RefGen_V4",9,7295650,7195650,7395650,NA,2e+05,1e+05
"Co","Zmays_RefGen_V4",9,15099567,14999567,15199567,NA,2e+05,1e+05
"Co","Zmays_RefGen_V4",9,100339858,100239858,100439858,NA,2e+05,1e+05
"Co","Zmays_RefGen_V4",9,116261609.444444,116047582,116465559,NA,417977,1e+05
"Co","Zmays_RefGen_V4",9,147626919,147526919,147726919,NA,2e+05,1e+05
"Co","Zmays_RefGen_V4",9,150033514,149933514,150266339,NA,332825,1e+05
"Co","Zmays_RefGen_V4",9,150674667.1,150574039,150775190,NA,201151,1e+05
"Co","Zmays_RefGen_V4",9,159474215.823529,159204267,159774154,NA,569887,1e+05
"Cu","Zmays_RefGen_V4",9,14836179,14736179,14936179,NA,2e+05,1e+05
"Cu","Zmays_RefGen_V4",9,109193993.322034,109087355,109306489,NA,219134,1e+05
"Cu","Zmays_RefGen_V4",9,134020808,133920808,134120808,NA,2e+05,1e+05
"Cu","Zmays_RefGen_V4",9,144778067,144678067,144878067,NA,2e+05,1e+05
"Cu","Zmays_RefGen_V4",9,150496065,150396065,150596065,NA,2e+05,1e+05
"Fe","Zmays_RefGen_V4",9,130535007,130435007,130635007,NA,2e+05,1e+05
"Fe","Zmays_RefGen_V4",9,152594486,152494486,152694486,NA,2e+05,1e+05
"K","Zmays_RefGen_V4",9,9406302,9306302,9506302,NA,2e+05,1e+05
"K","Zmays_RefGen_V4",9,15654589,15554589,15754589,NA,2e+05,1e+05
"K","Zmays_RefGen_V4",9,19795710,19695710,19909689,NA,213979,1e+05
"K","Zmays_RefGen_V4",9,68482429,68382429,68582429,NA,2e+05,1e+05
"K","Zmays_RefGen_V4",9,115682102,115573734,115786993,NA,213259,1e+05
"K","Zmays_RefGen_V4",9,123017447,122905655,123129239,NA,223584,1e+05
"K","Zmays_RefGen_V4",9,130842723,130735713,130948133,NA,212420,1e+05
"K","Zmays_RefGen_V4",9,156487957.666667,156352382,156614999,NA,262617,1e+05
"Mg","Zmays_RefGen_V4",9,150811046,150711046,150911046,NA,2e+05,1e+05
"Mg","Zmays_RefGen_V4",9,151241811,151141811,151341811,NA,2e+05,1e+05
"Mg","Zmays_RefGen_V4",9,152382745,152282745,152483831,NA,201086,1e+05
"Mg","Zmays_RefGen_V4",9,152598410,152498410,152817453,NA,319043,1e+05
"Mg","Zmays_RefGen_V4",9,152962853,152862853,153062853,NA,2e+05,1e+05
"Mg","Zmays_RefGen_V4",9,155794789,155694789,155894789,NA,2e+05,1e+05
"Mn","Zmays_RefGen_V4",9,143535772,143435772,143644941,NA,209169,1e+05
"Mn","Zmays_RefGen_V4",9,146962505,146862505,147062505,NA,2e+05,1e+05
"Mn","Zmays_RefGen_V4",9,148343019,148220239,148456902,NA,236663,1e+05
"Mn","Zmays_RefGen_V4",9,149109524,149009524,149209524,NA,2e+05,1e+05
"Mo","Zmays_RefGen_V4",9,156768433,156668433,156868433,NA,2e+05,1e+05
"Mo","Zmays_RefGen_V4",9,158663376.6,158561432,158765839,NA,204407,1e+05
"Ni","Zmays_RefGen_V4",9,672065,572065,772065,NA,2e+05,1e+05
"Ni","Zmays_RefGen_V4",9,1003160,903160,1225969,NA,322809,1e+05
"Ni","Zmays_RefGen_V4",9,1367901,1267901,2033008,NA,765107,1e+05
"Ni","Zmays_RefGen_V4",9,2186449,2086449,2510449,NA,424000,1e+05
"Ni","Zmays_RefGen_V4",9,3537755,3437755,3637755,NA,2e+05,1e+05
"Ni","Zmays_RefGen_V4",9,7388338,7288338,7488338,NA,2e+05,1e+05
"Ni","Zmays_RefGen_V4",9,8019257,7919257,8119257,NA,2e+05,1e+05
"P","Zmays_RefGen_V4",9,18827573.6666667,18727534,18927632,NA,200098,1e+05
"P","Zmays_RefGen_V4",9,19080773,18980773,19252487,NA,271714,1e+05
"P","Zmays_RefGen_V4",9,19932047,19832047,20032047,NA,2e+05,1e+05
"P","Zmays_RefGen_V4",9,20210932,20110932,20493994,NA,383062,1e+05
"P","Zmays_RefGen_V4",9,20675064,20575064,20947869,NA,372805,1e+05
"P","Zmays_RefGen_V4",9,21139621,21039621,21263103,NA,223482,1e+05
"P","Zmays_RefGen_V4",9,76104752,76004752,76204752,NA,2e+05,1e+05
"P","Zmays_RefGen_V4",9,91245122,91145063,91521768,NA,376705,1e+05
"P","Zmays_RefGen_V4",9,111133552,111033552,111233552,NA,2e+05,1e+05
"P","Zmays_RefGen_V4",9,116933062,116833062,117035860,NA,202798,1e+05
"Rb","Zmays_RefGen_V4",9,13882320,13782320,13982320,NA,2e+05,1e+05
"Rb","Zmays_RefGen_V4",9,19151964.1515152,19050482,19252487,NA,202005,1e+05
"Rb","Zmays_RefGen_V4",9,20249994,20149994,20349994,NA,2e+05,1e+05
"Rb","Zmays_RefGen_V4",9,123017447,122905655,123129239,NA,223584,1e+05
"Rb","Zmays_RefGen_V4",9,157569049,157469049,157669049,NA,2e+05,1e+05
"S","Zmays_RefGen_V4",9,113706456,113606456,113806456,NA,2e+05,1e+05
"S","Zmays_RefGen_V4",9,119061049,118961049,119161049,NA,2e+05,1e+05
"S","Zmays_RefGen_V4",9,121723899,121623696,121825077,NA,201381,1e+05
"S","Zmays_RefGen_V4",9,131680430.956522,131579997,131780969,NA,200972,1e+05
"Sr","Zmays_RefGen_V4",9,958315,858315,1058315,NA,2e+05,1e+05
"Sr","Zmays_RefGen_V4",9,111799202,111699202,111899202,NA,2e+05,1e+05
"Sr","Zmays_RefGen_V4",9,154432607.8,154332327,154532708,NA,200381,1e+05
"As","Zmays_RefGen_V4",10,5314522,5214522,5414522,NA,2e+05,1e+05
"As","Zmays_RefGen_V4",10,6270622,5993155,6390540,NA,397385,1e+05
"As","Zmays_RefGen_V4",10,150599923.434783,150292362,150864786,NA,572424,1e+05
"Ca","Zmays_RefGen_V4",10,553739,453739,653739,NA,2e+05,1e+05
"Ca","Zmays_RefGen_V4",10,131052399,130952399,131152399,NA,2e+05,1e+05
"Ca","Zmays_RefGen_V4",10,138567888.666667,138467855,138667943,NA,200088,1e+05
"Co","Zmays_RefGen_V4",10,4292671.08333333,4190963,4393691,NA,202728,1e+05
"Co","Zmays_RefGen_V4",10,4678167.11111111,4575548,4780207,NA,204659,1e+05
"Co","Zmays_RefGen_V4",10,10217820,10117820,10317820,NA,2e+05,1e+05
"Co","Zmays_RefGen_V4",10,85141733.8695652,84660644,85269991,NA,609347,1e+05
"Co","Zmays_RefGen_V4",10,149606528.333333,149504421,149709278,NA,204857,1e+05
"Cu","Zmays_RefGen_V4",10,133861249,133761249,133961249,NA,2e+05,1e+05
"Cu","Zmays_RefGen_V4",10,134991535,134891535,135091535,NA,2e+05,1e+05
"Cu","Zmays_RefGen_V4",10,138550372,138450372,138650372,NA,2e+05,1e+05
"Cu","Zmays_RefGen_V4",10,139642502,139542502,139742502,NA,2e+05,1e+05
"Cu","Zmays_RefGen_V4",10,144308088.5,144206639,144409538,NA,202899,1e+05
"Fe","Zmays_RefGen_V4",10,33665506.3,33169691,34259972,NA,1090281,1e+05
"Fe","Zmays_RefGen_V4",10,143210957.5,143110841,143311074,NA,200233,1e+05
"Fe","Zmays_RefGen_V4",10,143632125,143532125,143732125,NA,2e+05,1e+05
"Fe","Zmays_RefGen_V4",10,148055693.666667,147955026,148156028,NA,201002,1e+05
"Fe","Zmays_RefGen_V4",10,149366559,149266559,149466559,NA,2e+05,1e+05
"Fe","Zmays_RefGen_V4",10,149745399,149645351,149845799,NA,200448,1e+05
"Fe","Zmays_RefGen_V4",10,150102063,150002063,150202063,NA,2e+05,1e+05
"K","Zmays_RefGen_V4",10,145641372.5,145541372,145813197,NA,271825,1e+05
"K","Zmays_RefGen_V4",10,146489531,146389531,146589531,NA,2e+05,1e+05
"K","Zmays_RefGen_V4",10,146959765,146859765,147059765,NA,2e+05,1e+05
"Mn","Zmays_RefGen_V4",10,2710519.26315789,2544260,2843062,NA,298802,1e+05
"Mn","Zmays_RefGen_V4",10,94442907,94342907,94542907,NA,2e+05,1e+05
"Mn","Zmays_RefGen_V4",10,124670112.833333,124527688,124779368,NA,251680,1e+05
"Mn","Zmays_RefGen_V4",10,148135309.333333,148034940,148235763,NA,200823,1e+05
"Mo","Zmays_RefGen_V4",10,4027268,3927268,4127268,NA,2e+05,1e+05
"Mo","Zmays_RefGen_V4",10,6204873,6104873,6304873,NA,2e+05,1e+05
"Mo","Zmays_RefGen_V4",10,9596248,9496248,9696248,NA,2e+05,1e+05
"Ni","Zmays_RefGen_V4",10,10657668,10557668,10757668,NA,2e+05,1e+05
"Ni","Zmays_RefGen_V4",10,144129319,144029319,144229319,NA,2e+05,1e+05
"P","Zmays_RefGen_V4",10,1783340.66666667,1683305,1883393,NA,200088,1e+05
"P","Zmays_RefGen_V4",10,133181979,133081979,133281979,NA,2e+05,1e+05
"S","Zmays_RefGen_V4",10,145404658,145304658,145504658,NA,2e+05,1e+05
"S","Zmays_RefGen_V4",10,149007677,148907665,149107689,NA,200024,1e+05
"S","Zmays_RefGen_V4",10,149627256.666667,149527202,149727287,NA,200085,1e+05
"Zn","Zmays_RefGen_V4",10,71897814,71797814,71997814,NA,2e+05,1e+05
"Zn","Zmays_RefGen_V4",10,103515131,103415131,103615131,NA,2e+05,1e+05
"Zn","Zmays_RefGen_V4",10,125400376,125300376,125500376,NA,2e+05,1e+05
"Zn","Zmays_RefGen_V4",10,142319698,142219698,142419698,NA,2e+05,1e+05
"Zn","Zmays_RefGen_V4",10,145205370,145105370,145305370,NA,2e+05,1e+05
