"bp","trait","org","chr","start","end","SNPend","clpsRanges","range","pval"
4534244,"Rb","Zmays_RefGen_V4",1,4434244,4634244,NA,2e+05,1e+05,4.18967359733088e-07
4892057,"Ca","Zmays_RefGen_V4",1,4792057,4992057,NA,2e+05,1e+05,8.37704440255461e-10
4894681,"Fe","Zmays_RefGen_V4",1,4794681,4994681,NA,2e+05,1e+05,1.86188348976078e-08
5701054,"As","Zmays_RefGen_V4",1,5601054,5801054,NA,2e+05,1e+05,4.83647861730172e-07
6384195,"Ca","Zmays_RefGen_V4",1,6283925,6484621,NA,200696,1e+05,1.63280450843896e-07
8016694,"Cu","Zmays_RefGen_V4",1,7916433,8117079,NA,200646,1e+05,1.13715450405264e-05
8280764,"Rb","Zmays_RefGen_V4",1,8180764,8380764,NA,2e+05,1e+05,1.86528252794811e-06
9017843.5,"Ni","Zmays_RefGen_V4",1,8914694,9131755,NA,217061,1e+05,2.78145745072089e-05
11158592.5,"K","Zmays_RefGen_V4",1,11058581,11258604,NA,200023,1e+05,1.85839365107336e-05
12435315.5,"Cu","Zmays_RefGen_V4",1,12332251,12538380,NA,206129,1e+05,1.30828221520787e-08
12732245.5,"Mg","Zmays_RefGen_V4",1,12632233,12832258,NA,200025,1e+05,0.00980987854161682
15179932.4848485,"Mg","Zmays_RefGen_V4",1,15078576,15291734,NA,213158,1e+05,8.75007416763346e-05
15299693,"Cu","Zmays_RefGen_V4",1,15199693,15399693,NA,2e+05,1e+05,6.07176478834871e-07
15685022,"S","Zmays_RefGen_V4",1,15585022,15785022,NA,2e+05,1e+05,3.83335219636882e-08
16285792,"Cu","Zmays_RefGen_V4",1,16185792,16385792,NA,2e+05,1e+05,5.68501634938428e-09
16296019.6666667,"Sr","Zmays_RefGen_V4",1,16195969,16396103,NA,200134,1e+05,3.80285038534259e-09
16809751,"Mo","Zmays_RefGen_V4",1,16709751,16909751,NA,2e+05,1e+05,8.5724411357135e-08
17807589.6666667,"S","Zmays_RefGen_V4",1,17707528,17907627,NA,200099,1e+05,1.51455417243286e-12
19565741,"Rb","Zmays_RefGen_V4",1,19465741,19665741,NA,2e+05,1e+05,3.95292188969248e-06
20021655,"Cu","Zmays_RefGen_V4",1,19921655,20121655,NA,2e+05,1e+05,4.12771848054861e-06
20293735,"P","Zmays_RefGen_V4",1,20193735,20393735,NA,2e+05,1e+05,1.8319849620343e-09
20298567,"Ca","Zmays_RefGen_V4",1,20198567,20398567,NA,2e+05,1e+05,1.18831453399356e-09
21584735,"Rb","Zmays_RefGen_V4",1,21484735,21684735,NA,2e+05,1e+05,4.76303103897513e-05
22010914,"Rb","Zmays_RefGen_V4",1,21910914,22110914,NA,2e+05,1e+05,6.62262453553125e-08
22912052,"Rb","Zmays_RefGen_V4",1,22812052,23012052,NA,2e+05,1e+05,1.92395612618945e-05
23035089,"As","Zmays_RefGen_V4",1,22935089,23135089,NA,2e+05,1e+05,5.17491595288708e-10
23232487,"Cu","Zmays_RefGen_V4",1,23130351,23334623,NA,204272,1e+05,9.92225577286942e-07
23886519,"As","Zmays_RefGen_V4",1,23786519,23986519,NA,2e+05,1e+05,7.24635537937156e-10
25770826,"Rb","Zmays_RefGen_V4",1,25670826,25870826,NA,2e+05,1e+05,1.33293126582905e-10
25772829,"As","Zmays_RefGen_V4",1,25672829,25872829,NA,2e+05,1e+05,2.75946364174228e-07
26601483,"Cu","Zmays_RefGen_V4",1,26501483,26701483,NA,2e+05,1e+05,3.43846367184428e-06
28377332,"Co","Zmays_RefGen_V4",1,28277332,28477332,NA,2e+05,1e+05,3.19163482032418e-08
30473246,"Se","Zmays_RefGen_V4",1,30373246,30573246,NA,2e+05,1e+05,4.01544785332932e-08
32292805.0666667,"Ni","Zmays_RefGen_V4",1,32147744,32397405,NA,249661,1e+05,0.00022099080924857
33119859,"K","Zmays_RefGen_V4",1,33019859,33219859,NA,2e+05,1e+05,1.45399873298472e-08
34443628.3333333,"K","Zmays_RefGen_V4",1,34343555,34543671,NA,200116,1e+05,1.93845836821372e-05
35243440,"Mn","Zmays_RefGen_V4",1,35143440,35343440,NA,2e+05,1e+05,1.79795408897217e-08
36047856,"K","Zmays_RefGen_V4",1,35947856,36147856,NA,2e+05,1e+05,7.22880824917355e-09
37596827,"K","Zmays_RefGen_V4",1,37496827,37696827,NA,2e+05,1e+05,1.01628373850304e-07
38985652,"Mn","Zmays_RefGen_V4",1,38885652,39085652,NA,2e+05,1e+05,3.61921286400052e-08
44834701,"Ni","Zmays_RefGen_V4",1,44734701,44934701,NA,2e+05,1e+05,5.20532354877079e-06
46017745.3333333,"Co","Zmays_RefGen_V4",1,45912654,46127910,NA,215256,1e+05,2.50031381897128e-07
51358948,"Sr","Zmays_RefGen_V4",1,51258948,51458948,NA,2e+05,1e+05,5.75691586990227e-06
54252245,"Co","Zmays_RefGen_V4",1,54149838,54360896,NA,211058,1e+05,5.84203858763172e-09
56338604,"S","Zmays_RefGen_V4",1,56238604,56438604,NA,2e+05,1e+05,3.02746731803592e-09
56458722,"Rb","Zmays_RefGen_V4",1,56314861,56595263,NA,280402,1e+05,2.34094978463184e-11
56857359,"Sr","Zmays_RefGen_V4",1,56757315,56957382,NA,200067,1e+05,1.82877163830047e-07
59116987,"Rb","Zmays_RefGen_V4",1,59016987,59216987,NA,2e+05,1e+05,3.76364291775278e-09
71489982,"Sr","Zmays_RefGen_V4",1,71389982,71589982,NA,2e+05,1e+05,0.00026169806143645
74249623,"As","Zmays_RefGen_V4",1,74149623,74349623,NA,2e+05,1e+05,9.85067951828144e-06
75985197,"As","Zmays_RefGen_V4",1,75885197,76085197,NA,2e+05,1e+05,3.75886841471032e-11
76042649,"Al","Zmays_RefGen_V4",1,75942649,76142649,NA,2e+05,1e+05,7.96542222376916e-05
76073019,"Sr","Zmays_RefGen_V4",1,75973019,76173019,NA,2e+05,1e+05,9.70490037902212e-05
76080819,"Se","Zmays_RefGen_V4",1,75980654,76180984,NA,200330,1e+05,3.08024033989928e-08
82527299.5,"Mn","Zmays_RefGen_V4",1,82427299,82627300,NA,200001,1e+05,5.95558970290196e-07
90344903.5,"Mn","Zmays_RefGen_V4",1,90244127,90445680,NA,201553,1e+05,7.06653525288084e-05
91876324,"K","Zmays_RefGen_V4",1,91776324,91976324,NA,2e+05,1e+05,4.77172714926696e-07
94467334,"Co","Zmays_RefGen_V4",1,94358869,94575799,NA,216930,1e+05,2.18295842998547e-10
113660703,"Mn","Zmays_RefGen_V4",1,113560703,113760703,NA,2e+05,1e+05,1.74144766614625e-06
142253303,"Mn","Zmays_RefGen_V4",1,142153303,142353303,NA,2e+05,1e+05,0.00012242986715004
159253636,"Al","Zmays_RefGen_V4",1,159153636,159353636,NA,2e+05,1e+05,2.8766522853482e-07
159671374,"Mn","Zmays_RefGen_V4",1,159571374,159771374,NA,2e+05,1e+05,4.79137669191813e-12
162007956,"Mn","Zmays_RefGen_V4",1,161907956,162107956,NA,2e+05,1e+05,6.90585632495348e-08
162278457,"Mn","Zmays_RefGen_V4",1,162178457,162378457,NA,2e+05,1e+05,1.91081929485564e-12
162961127.368421,"Mn","Zmays_RefGen_V4",1,162858222,163337833,NA,479611,1e+05,2.71568630943467e-11
163491944,"Mn","Zmays_RefGen_V4",1,163391944,163591944,NA,2e+05,1e+05,1.63304602473391e-13
164205975,"Mn","Zmays_RefGen_V4",1,164105975,164305975,NA,2e+05,1e+05,6.57707598298183e-09
164721786,"Mn","Zmays_RefGen_V4",1,164621786,164821786,NA,2e+05,1e+05,1.84680581329715e-07
164875447,"As","Zmays_RefGen_V4",1,164775447,164975447,NA,2e+05,1e+05,5.81237285369835e-11
165586216,"Al","Zmays_RefGen_V4",1,165486216,165686216,NA,2e+05,1e+05,1.25667997831362e-07
166630204,"Mn","Zmays_RefGen_V4",1,166530204,166730204,NA,2e+05,1e+05,7.96975523279434e-07
167168986,"Mn","Zmays_RefGen_V4",1,167068986,167268986,NA,2e+05,1e+05,8.18390060464539e-06
176520177.4,"Sr","Zmays_RefGen_V4",1,176418943,176621792,NA,202849,1e+05,2.05730526133928e-14
185368060.6,"Ni","Zmays_RefGen_V4",1,185232917,185490458,NA,257541,1e+05,6.88083198406564e-08
187756969,"Al","Zmays_RefGen_V4",1,187656969,187856969,NA,2e+05,1e+05,4.113105135181e-07
194650463.75,"Ni","Zmays_RefGen_V4",1,194500781,194786032,NA,285251,1e+05,6.51003195538211e-06
197699713,"Al","Zmays_RefGen_V4",1,197599713,197799713,NA,2e+05,1e+05,2.69962940538891e-06
200996041.4,"Co","Zmays_RefGen_V4",1,200844427,201157021,NA,312594,1e+05,1.19005435782376e-12
211484818,"B","Zmays_RefGen_V4",1,211384818,211584818,NA,2e+05,1e+05,5.52713925320917e-07
218227843.5,"Zn","Zmays_RefGen_V4",1,218127825,218327862,NA,200037,1e+05,6.98914040034397e-08
218510976,"Al","Zmays_RefGen_V4",1,218410954,218610998,NA,200044,1e+05,4.8501785048804e-07
218615568,"Mg","Zmays_RefGen_V4",1,218515568,218715568,NA,2e+05,1e+05,5.24512908700092e-06
222980693,"S","Zmays_RefGen_V4",1,222880693,223080693,NA,2e+05,1e+05,6.28462966446756e-06
226199902.272727,"Co","Zmays_RefGen_V4",1,226074925,226322044,NA,247119,1e+05,6.24646071027454e-07
227392880,"B","Zmays_RefGen_V4",1,227292879,227492881,NA,200002,1e+05,1.21827493431818e-07
227766727.75,"Co","Zmays_RefGen_V4",1,227600786,228168706,NA,567920,1e+05,1.8933312508169e-32
228373078,"B","Zmays_RefGen_V4",1,228273078,228473078,NA,2e+05,1e+05,2.05603519735981e-08
233129441,"Fe","Zmays_RefGen_V4",1,233029441,233229441,NA,2e+05,1e+05,2.1258670170833e-05
233914773,"Al","Zmays_RefGen_V4",1,233814773,234014773,NA,2e+05,1e+05,2.12916856123034e-08
234315542,"Co","Zmays_RefGen_V4",1,234215542,234415542,NA,2e+05,1e+05,7.63339794845016e-10
234590648.5,"Cu","Zmays_RefGen_V4",1,234490420,234690996,NA,200576,1e+05,2.44460434656452e-08
236340524,"Mo","Zmays_RefGen_V4",1,236240524,236440524,NA,2e+05,1e+05,4.60629770257184e-10
237885496,"Co","Zmays_RefGen_V4",1,237785496,237985496,NA,2e+05,1e+05,4.81608709084861e-50
239963618,"Mo","Zmays_RefGen_V4",1,239863618,240063618,NA,2e+05,1e+05,1.11385703594736e-05
240431918,"Mo","Zmays_RefGen_V4",1,240331918,240531918,NA,2e+05,1e+05,0.00152089830276841
241548293,"Mo","Zmays_RefGen_V4",1,241448293,241648293,NA,2e+05,1e+05,1.54841194636596e-09
241766649,"Mo","Zmays_RefGen_V4",1,241657642,241875656,NA,218014,1e+05,1.95874750896528e-13
242037501.2,"Zn","Zmays_RefGen_V4",1,241937443,242137532,NA,200089,1e+05,1.30957927155897e-12
242171287.5,"Mo","Zmays_RefGen_V4",1,242070287,242327549,NA,257262,1e+05,0.00197454137578407
242842964,"Mo","Zmays_RefGen_V4",1,242742842,242943086,NA,200244,1e+05,1.32925032121932e-07
243234743.933333,"Mo","Zmays_RefGen_V4",1,242982619,243452186,NA,469567,1e+05,5.7149293268753e-11
244386233.666667,"Mo","Zmays_RefGen_V4",1,244285890,244486546,NA,200656,1e+05,2.3435590023685e-06
244907969,"Mo","Zmays_RefGen_V4",1,244807969,245007969,NA,2e+05,1e+05,2.29915647150191e-06
247002556,"Mo","Zmays_RefGen_V4",1,246902556,247102556,NA,2e+05,1e+05,0.00010574991905937
248673708.666667,"Mo","Zmays_RefGen_V4",1,248573694,248852470,NA,278776,1e+05,1.22963977684474e-12
248973540,"Mo","Zmays_RefGen_V4",1,248856697,249080865,NA,224168,1e+05,1.1221399652506e-45
249197588,"Mo","Zmays_RefGen_V4",1,249097588,249438110,NA,340522,1e+05,2.18791368268313e-20
249699029,"Mo","Zmays_RefGen_V4",1,249599029,249799029,NA,2e+05,1e+05,3.41428680956753e-14
252799678,"Mo","Zmays_RefGen_V4",1,252699678,252899678,NA,2e+05,1e+05,5.70064359874138e-08
253433088,"Sr","Zmays_RefGen_V4",1,253328032,253542323,NA,214291,1e+05,1.93553596891167e-10
255418136,"Ni","Zmays_RefGen_V4",1,255317879,255518287,NA,200408,1e+05,7.3425342709856e-12
256605087,"Mo","Zmays_RefGen_V4",1,256505087,256705087,NA,2e+05,1e+05,1.57666224181234e-09
257757487,"Co","Zmays_RefGen_V4",1,257657487,257857487,NA,2e+05,1e+05,6.83457988656444e-12
258718892.8,"Mn","Zmays_RefGen_V4",1,258612931,258820445,NA,207514,1e+05,5.69125230831382e-08
259279288,"Co","Zmays_RefGen_V4",1,259179288,259379288,NA,2e+05,1e+05,4.1452174119807e-17
259647016.666667,"S","Zmays_RefGen_V4",1,259542141,259749858,NA,207717,1e+05,5.67128043249889e-11
259958723,"Zn","Zmays_RefGen_V4",1,259858723,260058723,NA,2e+05,1e+05,1.00593927519018e-06
260232484,"Zn","Zmays_RefGen_V4",1,260132484,260332484,NA,2e+05,1e+05,1.31735242230786e-06
260596329,"Co","Zmays_RefGen_V4",1,260481240,260711418,NA,230178,1e+05,1.08325450501086e-15
262004977.5,"Fe","Zmays_RefGen_V4",1,261901774,262107642,NA,205868,1e+05,8.88057447015874e-08
262154042,"Sr","Zmays_RefGen_V4",1,262053733,262254351,NA,200618,1e+05,6.18856107528627e-08
262644839,"Ni","Zmays_RefGen_V4",1,262544839,262744839,NA,2e+05,1e+05,1.09746701406833e-09
262644984,"Fe","Zmays_RefGen_V4",1,262544984,262744984,NA,2e+05,1e+05,5.76382656588567e-07
262712355,"Mn","Zmays_RefGen_V4",1,262612355,262812355,NA,2e+05,1e+05,9.38445647074605e-05
262975620,"Fe","Zmays_RefGen_V4",1,262875620,263162540,NA,286920,1e+05,3.64900472939076e-05
263026412,"Ni","Zmays_RefGen_V4",1,262926412,263126412,NA,2e+05,1e+05,1.32833576971141e-19
263947277,"Ni","Zmays_RefGen_V4",1,263847271,264047283,NA,200012,1e+05,3.88406608063591e-09
264034659,"Mg","Zmays_RefGen_V4",1,263934413,264134905,NA,200492,1e+05,1.71622167961517e-06
270203897,"As","Zmays_RefGen_V4",1,270102723,270305071,NA,202348,1e+05,1.68960556670357e-08
270979025,"Cu","Zmays_RefGen_V4",1,270879025,271184654,NA,305629,1e+05,2.65396862204626e-07
272591873,"Zn","Zmays_RefGen_V4",1,272491873,272691873,NA,2e+05,1e+05,2.78526085751261e-07
272699736,"Mo","Zmays_RefGen_V4",1,272599736,272799736,NA,2e+05,1e+05,1.8171009059616e-10
275419075.5,"Mg","Zmays_RefGen_V4",1,275318573,275519578,NA,201005,1e+05,0.00034443582601846
279582808,"Co","Zmays_RefGen_V4",1,279482808,279682808,NA,2e+05,1e+05,2.6839225332861e-63
279918027.583333,"Sr","Zmays_RefGen_V4",1,279817651,280018270,NA,200619,1e+05,4.0916721671182e-09
281481811,"Co","Zmays_RefGen_V4",1,281356731,281631455,NA,274724,1e+05,4.64006995961871e-112
283077195,"Mg","Zmays_RefGen_V4",1,282977195,283177195,NA,2e+05,1e+05,1.17623003521593e-07
283926108,"Rb","Zmays_RefGen_V4",1,283811553,284041894,NA,230341,1e+05,4.06593948749187e-09
284194037,"Fe","Zmays_RefGen_V4",1,284094037,284380452,NA,286415,1e+05,1.29653501639664e-07
285776250,"Co","Zmays_RefGen_V4",1,285491928,286072215,NA,580287,1e+05,4.48234251769697e-18
286311261,"Fe","Zmays_RefGen_V4",1,286211261,286411261,NA,2e+05,1e+05,0.0001064741708865
290478356.75,"Sr","Zmays_RefGen_V4",1,290372735,290592885,NA,220150,1e+05,1.11563898351446e-13
293918526,"Mg","Zmays_RefGen_V4",1,293818526,294018526,NA,2e+05,1e+05,4.83104562810076e-08
294121110,"P","Zmays_RefGen_V4",1,294021110,294221110,NA,2e+05,1e+05,4.22145972049796e-08
295610270,"Sr","Zmays_RefGen_V4",1,295510270,295710270,NA,2e+05,1e+05,3.33354977409564e-05
297301794.25,"Zn","Zmays_RefGen_V4",1,297201789,297401800,NA,200011,1e+05,9.24777110862301e-11
299223785,"S","Zmays_RefGen_V4",1,299115507,299332063,NA,216556,1e+05,4.413686042549e-06
299456070,"Mo","Zmays_RefGen_V4",1,299356070,299556070,NA,2e+05,1e+05,1.48572070208889e-08
300960963,"Cu","Zmays_RefGen_V4",1,300860963,301061485,NA,200522,1e+05,3.47395051698328e-07
302384052,"S","Zmays_RefGen_V4",1,302284052,302484052,NA,2e+05,1e+05,4.70679607400146e-05
302627919,"K","Zmays_RefGen_V4",1,302527919,302727919,NA,2e+05,1e+05,8.89401278168764e-08
303892938.642857,"S","Zmays_RefGen_V4",1,303788777,304002464,NA,213687,1e+05,1.08194892786438e-06
304373353,"S","Zmays_RefGen_V4",1,304273353,304473353,NA,2e+05,1e+05,9.44847265473982e-07
304581377.666667,"Co","Zmays_RefGen_V4",1,304478045,304683132,NA,205087,1e+05,2.47021251837386e-17
305023804,"Se","Zmays_RefGen_V4",1,304923802,305123806,NA,200004,1e+05,7.916264249329e-08
305341746,"Co","Zmays_RefGen_V4",1,305241746,305441746,NA,2e+05,1e+05,1.84859520892519e-48
1436700,"Fe","Zmays_RefGen_V4",2,1336700,1536700,NA,2e+05,1e+05,3.06243837343659e-08
2701201,"Co","Zmays_RefGen_V4",2,2601201,2801201,NA,2e+05,1e+05,2.48370817844025e-11
3894821,"Ni","Zmays_RefGen_V4",2,3794821,3994821,NA,2e+05,1e+05,5.99376374651256e-11
4172145,"Fe","Zmays_RefGen_V4",2,4072145,4276664,NA,204519,1e+05,0.00018082162846872
6690963,"P","Zmays_RefGen_V4",2,6588245,6793681,NA,205436,1e+05,4.90933141207368e-07
8673719,"Mn","Zmays_RefGen_V4",2,8573719,8773719,NA,2e+05,1e+05,2.03237493278353e-07
10934198,"Sr","Zmays_RefGen_V4",2,10808703,11059693,NA,250990,1e+05,1.74698361617863e-07
11628420.6153846,"Zn","Zmays_RefGen_V4",2,11527230,11729981,NA,202751,1e+05,1.23161178873785e-06
12960998,"Fe","Zmays_RefGen_V4",2,12860998,13060998,NA,2e+05,1e+05,2.31533967271392e-06
14660048.5,"Mn","Zmays_RefGen_V4",2,14559501,14760596,NA,201095,1e+05,1.06312298159315e-06
15087053.1666667,"Zn","Zmays_RefGen_V4",2,14985705,15188083,NA,202378,1e+05,9.22677901619574e-08
15315868,"Rb","Zmays_RefGen_V4",2,15215697,15416039,NA,200342,1e+05,0.00013443826150473
16398665,"Cu","Zmays_RefGen_V4",2,16298665,16498665,NA,2e+05,1e+05,7.06309717070812e-09
16947760,"Mo","Zmays_RefGen_V4",2,16847760,17047760,NA,2e+05,1e+05,7.63546666922129e-07
18183987.5,"Fe","Zmays_RefGen_V4",2,18083987,18283988,NA,200001,1e+05,9.14590921139431e-05
19413033,"Cu","Zmays_RefGen_V4",2,19313033,19513033,NA,2e+05,1e+05,1.61991083936186e-06
20730522.5555556,"Ni","Zmays_RefGen_V4",2,20629974,20831312,NA,201338,1e+05,6.3794700842486e-09
21955851,"Fe","Zmays_RefGen_V4",2,21855851,22055851,NA,2e+05,1e+05,8.1233107499877e-11
23816324.5,"Co","Zmays_RefGen_V4",2,23708230,23924419,NA,216189,1e+05,8.44698760850707e-23
23893955,"Ni","Zmays_RefGen_V4",2,23793955,23997886,NA,203931,1e+05,6.37406618608078e-11
24000682,"Fe","Zmays_RefGen_V4",2,23900682,24100682,NA,2e+05,1e+05,3.85804273158295e-07
24215951,"Fe","Zmays_RefGen_V4",2,24115951,24315951,NA,2e+05,1e+05,1.66824033962157e-09
24252893.3333333,"Sr","Zmays_RefGen_V4",2,24150569,24354748,NA,204179,1e+05,7.40290735749401e-11
25683098,"Fe","Zmays_RefGen_V4",2,25583098,25783098,NA,2e+05,1e+05,4.5986159058674e-06
25875830,"Mn","Zmays_RefGen_V4",2,25761762,26147430,NA,385668,1e+05,1.80318636072465e-08
29481767.5714286,"Sr","Zmays_RefGen_V4",2,29306917,29615183,NA,308266,1e+05,2.28026745221478e-15
31939064,"Cu","Zmays_RefGen_V4",2,31839064,32039064,NA,2e+05,1e+05,1.09064664134198e-12
32737023,"Mo","Zmays_RefGen_V4",2,32637023,32837023,NA,2e+05,1e+05,0.00103599774406467
43782079.6666667,"Cd","Zmays_RefGen_V4",2,43679846,43884864,NA,205018,1e+05,7.73237480542298e-20
55367185,"Mg","Zmays_RefGen_V4",2,55267185,55467185,NA,2e+05,1e+05,5.29555126599314e-11
59856253,"Co","Zmays_RefGen_V4",2,59727770,60012247,NA,284477,1e+05,5.54859417308011e-39
62602360.25,"Ni","Zmays_RefGen_V4",2,62496340,63064231,NA,567891,1e+05,1.5664920579262e-10
65747911.6666667,"Rb","Zmays_RefGen_V4",2,65647350,65849015,NA,201665,1e+05,4.95732244335181e-23
68182533.5833333,"Ni","Zmays_RefGen_V4",2,67206860,69247004,NA,2040144,1e+05,4.02793572670535e-10
69788823,"Co","Zmays_RefGen_V4",2,69687021,69889391,NA,202370,1e+05,2.62687722767015e-08
70929439,"Cd","Zmays_RefGen_V4",2,70829439,71029439,NA,2e+05,1e+05,3.55213013987951e-09
74516287,"Co","Zmays_RefGen_V4",2,74416287,74616287,NA,2e+05,1e+05,1.39872891028768e-31
85361594.5769231,"Co","Zmays_RefGen_V4",2,85137294,85536079,NA,398785,1e+05,1.23842603422996e-10
128160709,"Rb","Zmays_RefGen_V4",2,128060709,128260709,NA,2e+05,1e+05,3.05782507369033e-06
137155206,"Cd","Zmays_RefGen_V4",2,137055206,137255206,NA,2e+05,1e+05,1.11575158533205e-22
138654248,"Mg","Zmays_RefGen_V4",2,138554248,138754248,NA,2e+05,1e+05,1.94663988589767e-09
146116721.6,"Co","Zmays_RefGen_V4",2,145975403,146245004,NA,269601,1e+05,1.18316392870219e-12
149003360,"Cu","Zmays_RefGen_V4",2,148903360,149103360,NA,2e+05,1e+05,0.00010160919868023
162963402,"Cd","Zmays_RefGen_V4",2,162863402,163338949,NA,475547,1e+05,4.47069076044397e-52
172014928.285714,"Ni","Zmays_RefGen_V4",2,171890361,172131635,NA,241274,1e+05,5.43822468032519e-05
173742197.962963,"Co","Zmays_RefGen_V4",2,173574039,173902406,NA,328367,1e+05,3.05101874004025e-09
175269089,"Ni","Zmays_RefGen_V4",2,175169089,175369089,NA,2e+05,1e+05,6.12689860904824e-09
179307015.25,"Rb","Zmays_RefGen_V4",2,179206844,179407306,NA,200462,1e+05,2.50490457750786e-07
180010608,"Rb","Zmays_RefGen_V4",2,179910608,180110608,NA,2e+05,1e+05,1.1338255527096e-08
182433779.5,"Cd","Zmays_RefGen_V4",2,182333776,182533783,NA,200007,1e+05,2.28826438637221e-05
186533761.388889,"Zn","Zmays_RefGen_V4",2,186245562,186689640,NA,444078,1e+05,2.44191857779053e-09
187482449,"Cu","Zmays_RefGen_V4",2,187382449,187582449,NA,2e+05,1e+05,6.18515751432735e-07
188156115.5,"Cu","Zmays_RefGen_V4",2,188056017,188256214,NA,200197,1e+05,9.82501715338555e-07
188854709,"Co","Zmays_RefGen_V4",2,188686975,189013777,NA,326802,1e+05,6.07020855610527e-34
189561748,"Cd","Zmays_RefGen_V4",2,189461748,189661748,NA,2e+05,1e+05,4.99729645305328e-05
192762117,"Ni","Zmays_RefGen_V4",2,192662117,192862117,NA,2e+05,1e+05,8.83808455383523e-06
192768835.466667,"Cu","Zmays_RefGen_V4",2,192665953,192870219,NA,204266,1e+05,1.15764757186737e-09
193257542,"Cu","Zmays_RefGen_V4",2,193157542,193357542,NA,2e+05,1e+05,2.12696971130716e-09
193259550,"Ni","Zmays_RefGen_V4",2,193159550,193510826,NA,351276,1e+05,5.18521438727412e-06
193814828,"Ni","Zmays_RefGen_V4",2,193714828,193914828,NA,2e+05,1e+05,1.89551538829143e-13
194068290,"Ni","Zmays_RefGen_V4",2,193968290,194358850,NA,390560,1e+05,1.78246989363295e-13
194127171,"Cu","Zmays_RefGen_V4",2,194027171,194227171,NA,2e+05,1e+05,2.94285949902289e-07
194542799,"Ni","Zmays_RefGen_V4",2,194442799,194642799,NA,2e+05,1e+05,3.00943126316927e-18
195068906,"Ni","Zmays_RefGen_V4",2,194968906,195168906,NA,2e+05,1e+05,3.67542040740574e-05
195822611,"S","Zmays_RefGen_V4",2,195722611,195922611,NA,2e+05,1e+05,7.232808295758e-06
196815906,"Ni","Zmays_RefGen_V4",2,196715906,196915906,NA,2e+05,1e+05,6.46902754726526e-05
200051401,"Cu","Zmays_RefGen_V4",2,199951401,200151401,NA,2e+05,1e+05,7.80561874017098e-07
200166582,"Zn","Zmays_RefGen_V4",2,200066582,200266582,NA,2e+05,1e+05,3.04965255371615e-07
200530153.5,"Mg","Zmays_RefGen_V4",2,200429409,200630898,NA,201489,1e+05,7.35352896184466e-09
200530595,"P","Zmays_RefGen_V4",2,200430595,200630595,NA,2e+05,1e+05,1.58748247259604e-06
201907597,"Ni","Zmays_RefGen_V4",2,201807597,202007597,NA,2e+05,1e+05,3.39932133309852e-06
202490886,"Ni","Zmays_RefGen_V4",2,202390886,202590886,NA,2e+05,1e+05,4.27983615099428e-07
203274328,"Zn","Zmays_RefGen_V4",2,203174328,203374328,NA,2e+05,1e+05,1.78369780437844e-06
205691648,"Ni","Zmays_RefGen_V4",2,205591648,205791648,NA,2e+05,1e+05,7.03334167622222e-08
207796866,"Ni","Zmays_RefGen_V4",2,207696866,207896866,NA,2e+05,1e+05,1.43903815270746e-07
214683724,"Rb","Zmays_RefGen_V4",2,214583724,214783724,NA,2e+05,1e+05,2.513583710894e-08
218525633,"Mg","Zmays_RefGen_V4",2,218425633,218625633,NA,2e+05,1e+05,2.26917153401939e-06
224115495,"Rb","Zmays_RefGen_V4",2,224015407,224215583,NA,200176,1e+05,1.27158024495881e-06
231348116.75,"Co","Zmays_RefGen_V4",2,231230604,231498116,NA,267512,1e+05,3.2575716052549e-26
233376719,"Co","Zmays_RefGen_V4",2,233276719,233476719,NA,2e+05,1e+05,0.0001942644347491
235109849.285714,"Co","Zmays_RefGen_V4",2,234953907,235228366,NA,274459,1e+05,8.43816350657268e-38
239173994.704225,"Sr","Zmays_RefGen_V4",2,239069356,239278439,NA,209083,1e+05,1.17783777867912e-07
240563378,"Co","Zmays_RefGen_V4",2,240463378,240663378,NA,2e+05,1e+05,2.40329082316162e-06
241405541.5,"Mn","Zmays_RefGen_V4",2,241305535,241505548,NA,200013,1e+05,4.96396466103907e-10
243868496,"S","Zmays_RefGen_V4",2,243768496,243968496,NA,2e+05,1e+05,1.9566109892885e-06
431721,"Fe","Zmays_RefGen_V4",3,331721,531721,NA,2e+05,1e+05,1.28641273310096e-07
762532,"Mg","Zmays_RefGen_V4",3,662532,862532,NA,2e+05,1e+05,1.52308471902861e-07
1288493.25,"Ni","Zmays_RefGen_V4",3,1185436,1390315,NA,204879,1e+05,1.01583196287849e-08
1335689,"Cu","Zmays_RefGen_V4",3,1235689,1435689,NA,2e+05,1e+05,1.26810616203303e-07
3433202,"Mg","Zmays_RefGen_V4",3,3333202,3533202,NA,2e+05,1e+05,2.87398014620531e-08
3435631.5,"K","Zmays_RefGen_V4",3,3335381,3535889,NA,200508,1e+05,7.04922155153559e-05
3715516,"Cu","Zmays_RefGen_V4",3,3615487,3815545,NA,200058,1e+05,2.094378742137e-08
4996222,"Ni","Zmays_RefGen_V4",3,4896222,5096222,NA,2e+05,1e+05,7.65514537707744e-10
5341263.5,"Se","Zmays_RefGen_V4",3,5199439,5483088,NA,283649,1e+05,3.56734571748806e-06
10157909,"Rb","Zmays_RefGen_V4",3,10057909,10257909,NA,2e+05,1e+05,3.57793898443372e-07
10366426,"Fe","Zmays_RefGen_V4",3,10266426,10466426,NA,2e+05,1e+05,1.44606042119042e-07
10718207,"Mn","Zmays_RefGen_V4",3,10618207,10818207,NA,2e+05,1e+05,7.5608842364457e-07
10866994.5,"Fe","Zmays_RefGen_V4",3,10766989,10967000,NA,200011,1e+05,3.92728770446867e-05
10944622.75,"Mn","Zmays_RefGen_V4",3,10843360,11046526,NA,203166,1e+05,1.79994111632772e-08
15047424,"Rb","Zmays_RefGen_V4",3,14947424,15147424,NA,2e+05,1e+05,2.13817359852471e-09
15964957.125,"Mn","Zmays_RefGen_V4",3,15666637,16333105,NA,666468,1e+05,1.78505448240481e-09
22408516,"Mn","Zmays_RefGen_V4",3,22308516,22638814,NA,330298,1e+05,1.43348855754867e-08
22734660.85,"Fe","Zmays_RefGen_V4",3,22556248,23143682,NA,587434,1e+05,2.51272231952431e-05
23435595,"Mn","Zmays_RefGen_V4",3,23335595,23535595,NA,2e+05,1e+05,4.00208015372482e-09
29814971.75,"Co","Zmays_RefGen_V4",3,29700880,29922355,NA,221475,1e+05,5.97041648794319e-34
51324373,"Mg","Zmays_RefGen_V4",3,51224357,51424382,NA,200025,1e+05,4.26192010076111e-05
122373016,"Mn","Zmays_RefGen_V4",3,122273016,122473016,NA,2e+05,1e+05,1.15311306147397e-09
135094708,"Mg","Zmays_RefGen_V4",3,134994708,135194708,NA,2e+05,1e+05,4.10751357009201e-06
135095103,"K","Zmays_RefGen_V4",3,134995103,135195103,NA,2e+05,1e+05,1.15346246734223e-07
135497423,"Mg","Zmays_RefGen_V4",3,135397423,135599545,NA,202122,1e+05,8.46127249441349e-10
136211545,"Mn","Zmays_RefGen_V4",3,136111545,136311545,NA,2e+05,1e+05,1.35230354948665e-08
136605751,"Mg","Zmays_RefGen_V4",3,136505751,136713904,NA,208153,1e+05,2.3476176660917e-06
137009749.028571,"Rb","Zmays_RefGen_V4",3,136871483,137117116,NA,245633,1e+05,9.95634422688166e-11
149703056,"Ni","Zmays_RefGen_V4",3,149603056,149803056,NA,2e+05,1e+05,4.01059911324084e-12
159227512,"K","Zmays_RefGen_V4",3,159127512,159327512,NA,2e+05,1e+05,4.04159288533665e-07
160609212,"Mo","Zmays_RefGen_V4",3,160509212,160709212,NA,2e+05,1e+05,9.61519812385554e-05
162280333,"Cu","Zmays_RefGen_V4",3,162180333,162380333,NA,2e+05,1e+05,6.1666964794243e-08
163737629.285714,"Ni","Zmays_RefGen_V4",3,163635032,163839590,NA,204558,1e+05,4.28323251867917e-10
169450048,"Ca","Zmays_RefGen_V4",3,169350048,169550048,NA,2e+05,1e+05,2.84998466337801e-05
169450358,"Mg","Zmays_RefGen_V4",3,169348496,169555784,NA,207288,1e+05,1.3556468476428e-05
170795867,"S","Zmays_RefGen_V4",3,170695867,170895867,NA,2e+05,1e+05,2.12604193151726e-06
172351196,"S","Zmays_RefGen_V4",3,172251196,172469067,NA,217871,1e+05,1.80889092151016e-05
172360965.222222,"Ca","Zmays_RefGen_V4",3,172254534,172488297,NA,233763,1e+05,7.98774388415206e-07
173089779,"S","Zmays_RefGen_V4",3,172989779,173189779,NA,2e+05,1e+05,1.93120835175741e-08
174537841,"S","Zmays_RefGen_V4",3,174437841,174637841,NA,2e+05,1e+05,1.45610813550893e-08
174793175,"S","Zmays_RefGen_V4",3,174693175,174893175,NA,2e+05,1e+05,0.0001037104363368
175641390,"S","Zmays_RefGen_V4",3,175541371,175741412,NA,200041,1e+05,0.0002804662701292
175976111.5,"Mn","Zmays_RefGen_V4",3,175875594,176076629,NA,201035,1e+05,7.25494537250552e-08
176867772,"Zn","Zmays_RefGen_V4",3,176767772,176967772,NA,2e+05,1e+05,3.01201782533635e-08
177750971,"Zn","Zmays_RefGen_V4",3,177650971,177850971,NA,2e+05,1e+05,3.58393250107524e-07
177905723.272727,"Mn","Zmays_RefGen_V4",3,177757133,178033987,NA,276854,1e+05,4.65641163961318e-12
178221383,"Ca","Zmays_RefGen_V4",3,178121383,178321383,NA,2e+05,1e+05,7.85701776728869e-08
180305594,"Mn","Zmays_RefGen_V4",3,180205594,180405594,NA,2e+05,1e+05,1.11791577185197e-09
181021793.13242,"Mn","Zmays_RefGen_V4",3,180903370,181135344,NA,231974,1e+05,9.53137096810344e-08
181528141.8125,"Mn","Zmays_RefGen_V4",3,181407585,181651878,NA,244293,1e+05,2.13987538571501e-11
182689465,"Co","Zmays_RefGen_V4",3,182578876,182811288,NA,232412,1e+05,1.14581294078521e-48
182717061,"Cu","Zmays_RefGen_V4",3,182583189,182833613,NA,250424,1e+05,8.67940854496363e-06
182894901,"Mn","Zmays_RefGen_V4",3,182794901,183076728,NA,281827,1e+05,1.5713943333428e-07
183064462.125,"Co","Zmays_RefGen_V4",3,182956526,183217442,NA,260916,1e+05,5.55360389427157e-13
184589169,"Mn","Zmays_RefGen_V4",3,184489113,184971957,NA,482844,1e+05,1.35566852003859e-13
187257155.8,"Mo","Zmays_RefGen_V4",3,187157126,187357204,NA,200078,1e+05,2.6263451224244e-06
188037502,"Cu","Zmays_RefGen_V4",3,187937502,188137502,NA,2e+05,1e+05,0.00012498163226471
188179135,"Mn","Zmays_RefGen_V4",3,188079135,188279135,NA,2e+05,1e+05,6.37670633852537e-06
190156620,"Cu","Zmays_RefGen_V4",3,190056620,190256620,NA,2e+05,1e+05,4.50046419119416e-08
191848178,"Mo","Zmays_RefGen_V4",3,191748178,191948178,NA,2e+05,1e+05,1.32173561981953e-08
192757807,"Mo","Zmays_RefGen_V4",3,192657807,192857807,NA,2e+05,1e+05,4.73028174896253e-07
192804838,"Cu","Zmays_RefGen_V4",3,192704838,192904838,NA,2e+05,1e+05,1.90819191609795e-06
192884703.5,"Mn","Zmays_RefGen_V4",3,192784703,192984704,NA,200001,1e+05,1.11221897737382e-07
200479638.75,"Ca","Zmays_RefGen_V4",3,200379614,200579673,NA,200059,1e+05,1.4082066838618e-06
202335782,"Mo","Zmays_RefGen_V4",3,202235782,202435782,NA,2e+05,1e+05,8.37777972049614e-05
203339236,"Ni","Zmays_RefGen_V4",3,203239236,203439236,NA,2e+05,1e+05,6.59475478587609e-07
204487307,"Fe","Zmays_RefGen_V4",3,204387307,204587307,NA,2e+05,1e+05,8.41476013928918e-09
207759666,"Cu","Zmays_RefGen_V4",3,207659666,207859666,NA,2e+05,1e+05,4.65586009013185e-05
209273822,"Sr","Zmays_RefGen_V4",3,209173822,209373822,NA,2e+05,1e+05,2.65334086426984e-06
210106248,"Ca","Zmays_RefGen_V4",3,210006248,210206248,NA,2e+05,1e+05,1.4824104759583e-07
210467786,"K","Zmays_RefGen_V4",3,210367786,210567786,NA,2e+05,1e+05,0.00038037410213451
212289131,"Sr","Zmays_RefGen_V4",3,212189131,212389131,NA,2e+05,1e+05,8.53714343092219e-17
212723507,"K","Zmays_RefGen_V4",3,212618197,212828817,NA,210620,1e+05,2.26878732378591e-05
214495515,"Mo","Zmays_RefGen_V4",3,214395515,214595515,NA,2e+05,1e+05,0.00065132887627869
215489293,"Mo","Zmays_RefGen_V4",3,215389293,215589293,NA,2e+05,1e+05,5.14633427593938e-07
215936472.333333,"Ca","Zmays_RefGen_V4",3,215836180,216036627,NA,200447,1e+05,5.27554052764688e-11
216115919,"Mo","Zmays_RefGen_V4",3,216015919,216215919,NA,2e+05,1e+05,1.08937245397115e-05
216210373,"Sr","Zmays_RefGen_V4",3,216110373,216310373,NA,2e+05,1e+05,2.51157951980288e-10
216389449.076923,"Mo","Zmays_RefGen_V4",3,216288969,216568269,NA,279300,1e+05,3.85625992410351e-08
216391652,"Co","Zmays_RefGen_V4",3,216291652,216491652,NA,2e+05,1e+05,4.75989659273615e-06
216462572,"Ca","Zmays_RefGen_V4",3,216362572,216562572,NA,2e+05,1e+05,6.35892853467727e-11
216981854,"Mo","Zmays_RefGen_V4",3,216881854,217081854,NA,2e+05,1e+05,6.81445119647894e-07
217139877,"Co","Zmays_RefGen_V4",3,217039877,217239877,NA,2e+05,1e+05,6.79213055922294e-16
217232110,"Mo","Zmays_RefGen_V4",3,217132110,217332110,NA,2e+05,1e+05,4.53387320010434e-17
217631571,"Mo","Zmays_RefGen_V4",3,217531571,217731571,NA,2e+05,1e+05,3.87589169344816e-11
218194487,"Mo","Zmays_RefGen_V4",3,218094487,218451997,NA,357510,1e+05,2.79071444061486e-09
218446386,"Sr","Zmays_RefGen_V4",3,218346386,218546386,NA,2e+05,1e+05,1.84592470755153e-08
218639133,"Mo","Zmays_RefGen_V4",3,218539133,218739133,NA,2e+05,1e+05,1.00764694448419e-13
219264418,"Mo","Zmays_RefGen_V4",3,219164418,219364418,NA,2e+05,1e+05,5.1979620479424e-11
220747873.666667,"Rb","Zmays_RefGen_V4",3,220647795,220848025,NA,200230,1e+05,0.00052948552327428
221180971,"Rb","Zmays_RefGen_V4",3,221080970,221403147,NA,322177,1e+05,0.00057535084488813
221618243,"Ni","Zmays_RefGen_V4",3,221510633,221732295,NA,221662,1e+05,1.71745384350053e-08
221805886,"Rb","Zmays_RefGen_V4",3,221705886,221905886,NA,2e+05,1e+05,1.29643256907838e-05
222397426,"K","Zmays_RefGen_V4",3,222297409,222497443,NA,200034,1e+05,2.48341740456775e-05
222573241,"Co","Zmays_RefGen_V4",3,222445256,222730528,NA,285272,1e+05,1.33428613346851e-06
222852916,"Zn","Zmays_RefGen_V4",3,222752916,222952916,NA,2e+05,1e+05,4.37004155253478e-07
223026212,"Mo","Zmays_RefGen_V4",3,222912068,223140356,NA,228288,1e+05,8.34774220653424e-05
224620313,"Rb","Zmays_RefGen_V4",3,224520313,224720313,NA,2e+05,1e+05,6.20786426604307e-05
225051824,"Rb","Zmays_RefGen_V4",3,224951438,225152223,NA,200785,1e+05,2.38683217691311e-07
228138015,"Se","Zmays_RefGen_V4",3,228038015,228238015,NA,2e+05,1e+05,1.5283248171139e-07
231309687,"Zn","Zmays_RefGen_V4",3,231209687,231409687,NA,2e+05,1e+05,2.78861257768865e-06
231440833,"Fe","Zmays_RefGen_V4",3,231340833,231540833,NA,2e+05,1e+05,1.89449158055679e-05
233918104.333333,"S","Zmays_RefGen_V4",3,233814685,234024940,NA,210255,1e+05,1.20388787733777e-08
233923428.72093,"Co","Zmays_RefGen_V4",3,233820092,234038924,NA,218832,1e+05,4.62361643933046e-15
235002562,"Co","Zmays_RefGen_V4",3,234892985,235108951,NA,215966,1e+05,8.03562577611305e-39
2592052,"Rb","Zmays_RefGen_V4",4,2492052,2692052,NA,2e+05,1e+05,3.63645115132694e-07
3065802,"Rb","Zmays_RefGen_V4",4,2965802,3185552,NA,219750,1e+05,3.06087043248267e-07
3171291,"Ni","Zmays_RefGen_V4",4,3071264,3271318,NA,200054,1e+05,1.3948954571113e-10
3378475.64285714,"Co","Zmays_RefGen_V4",4,3251219,3573132,NA,321913,1e+05,2.76255871990818e-16
3602642,"Ni","Zmays_RefGen_V4",4,3502642,3702642,NA,2e+05,1e+05,4.82545597809733e-07
5318863,"Co","Zmays_RefGen_V4",4,5218863,5418863,NA,2e+05,1e+05,2.13746340810862e-46
5794555,"Cu","Zmays_RefGen_V4",4,5694555,5894555,NA,2e+05,1e+05,2.83162848903309e-10
5912653,"Mn","Zmays_RefGen_V4",4,5812653,6012653,NA,2e+05,1e+05,1.33926587387821e-05
10206725,"S","Zmays_RefGen_V4",4,10106725,10306725,NA,2e+05,1e+05,2.18249318245203e-05
10442704.125,"Rb","Zmays_RefGen_V4",4,10285312,10573616,NA,288304,1e+05,2.17761525500663e-08
11350614.2272727,"Mn","Zmays_RefGen_V4",4,11124802,11597092,NA,472290,1e+05,2.83148103661791e-06
13748742,"Ni","Zmays_RefGen_V4",4,13648742,13848742,NA,2e+05,1e+05,2.29429208728669e-08
18945622,"Mo","Zmays_RefGen_V4",4,18843510,19047060,NA,203550,1e+05,3.68551684696827e-11
19028681,"Ca","Zmays_RefGen_V4",4,18928540,19128770,NA,200230,1e+05,2.86379502388857e-06
20825528,"S","Zmays_RefGen_V4",4,20725528,20925528,NA,2e+05,1e+05,4.64436766814455e-05
21150676.4630872,"Sr","Zmays_RefGen_V4",4,21036680,21276981,NA,240301,1e+05,1.06055210088793e-06
23945715,"Sr","Zmays_RefGen_V4",4,23845715,24045715,NA,2e+05,1e+05,1.83208699842934e-14
27457727,"Mn","Zmays_RefGen_V4",4,27357727,27753733,NA,396006,1e+05,7.9181872196513e-06
29608684.75,"B","Zmays_RefGen_V4",4,29371580,29776391,NA,404811,1e+05,3.34756030944331e-13
34440832,"Sr","Zmays_RefGen_V4",4,34320065,34566604,NA,246539,1e+05,6.0637685159365e-05
34986847,"Mn","Zmays_RefGen_V4",4,34886847,35086847,NA,2e+05,1e+05,4.89417704316144e-07
38283576,"As","Zmays_RefGen_V4",4,38183576,38383576,NA,2e+05,1e+05,1.89977238310229e-10
38494243,"Mg","Zmays_RefGen_V4",4,38394243,38594243,NA,2e+05,1e+05,2.58274495843504e-07
38494243,"P","Zmays_RefGen_V4",4,38394243,38594243,NA,2e+05,1e+05,7.18097099284331e-19
40856146,"K","Zmays_RefGen_V4",4,40756146,40956146,NA,2e+05,1e+05,2.72644373527148e-06
40869369,"S","Zmays_RefGen_V4",4,40769369,40969369,NA,2e+05,1e+05,7.57779017802361e-17
42650916.5,"K","Zmays_RefGen_V4",4,42410499,42807742,NA,397243,1e+05,1.41404509226421e-22
43272201,"K","Zmays_RefGen_V4",4,43106760,43624417,NA,517657,1e+05,5.50436857662846e-48
43458446,"B","Zmays_RefGen_V4",4,43358446,43558446,NA,2e+05,1e+05,4.76053716461115e-10
43460370.8571429,"Rb","Zmays_RefGen_V4",4,43341239,43690976,NA,349737,1e+05,1.13061915111885e-09
43460370.8571429,"S","Zmays_RefGen_V4",4,43341239,43690976,NA,349737,1e+05,1.29268167483409e-09
44007166,"Rb","Zmays_RefGen_V4",4,43907166,44123001,NA,215835,1e+05,4.34719283517465e-10
44797364,"Mg","Zmays_RefGen_V4",4,44697364,44897364,NA,2e+05,1e+05,1.32441748386997e-08
44835502,"P","Zmays_RefGen_V4",4,44735502,44935502,NA,2e+05,1e+05,6.15581007939476e-09
49392257.75,"Sr","Zmays_RefGen_V4",4,49174805,49531418,NA,356613,1e+05,6.11842001310967e-05
64094248,"K","Zmays_RefGen_V4",4,63994248,64194248,NA,2e+05,1e+05,2.00270923735132e-06
66320636,"As","Zmays_RefGen_V4",4,66220636,66420636,NA,2e+05,1e+05,2.0202863047156e-09
71757035,"As","Zmays_RefGen_V4",4,71657035,71857035,NA,2e+05,1e+05,5.53260977889838e-17
72791541,"K","Zmays_RefGen_V4",4,72691541,72891541,NA,2e+05,1e+05,1.15861079929944e-05
86525560,"K","Zmays_RefGen_V4",4,86425560,86625560,NA,2e+05,1e+05,1.870876516883e-05
86686728,"Ni","Zmays_RefGen_V4",4,86586728,86786728,NA,2e+05,1e+05,2.07676196601805e-06
88123251,"Rb","Zmays_RefGen_V4",4,88023251,88223251,NA,2e+05,1e+05,4.73783257081185e-15
91245138.2641509,"Rb","Zmays_RefGen_V4",4,91121435,91378663,NA,257228,1e+05,2.69957331436941e-11
120253053.8,"Ca","Zmays_RefGen_V4",4,120102659,120448128,NA,345469,1e+05,7.56754809354458e-08
128596425,"P","Zmays_RefGen_V4",4,128496425,128696425,NA,2e+05,1e+05,1.21982077471823e-05
131662440,"K","Zmays_RefGen_V4",4,131523419,131801461,NA,278042,1e+05,6.66342816870224e-05
147072480,"Rb","Zmays_RefGen_V4",4,146972480,147172480,NA,2e+05,1e+05,1.51146488768051e-05
153087910,"Fe","Zmays_RefGen_V4",4,152987910,153187910,NA,2e+05,1e+05,4.65821863374175e-05
155273290,"K","Zmays_RefGen_V4",4,155173290,155373290,NA,2e+05,1e+05,0.00075968043396045
158542092,"Rb","Zmays_RefGen_V4",4,158442092,158642092,NA,2e+05,1e+05,6.66935231961581e-05
159242296.666667,"Mn","Zmays_RefGen_V4",4,159138054,159344698,NA,206644,1e+05,7.10428595792414e-08
159704437,"Co","Zmays_RefGen_V4",4,159603802,159805072,NA,201270,1e+05,3.06160742386319e-23
160035959,"Ca","Zmays_RefGen_V4",4,159935959,160135959,NA,2e+05,1e+05,2.61593164251897e-05
160584910,"Ca","Zmays_RefGen_V4",4,160484910,160684910,NA,2e+05,1e+05,2.08411082193128e-05
162156897,"Mn","Zmays_RefGen_V4",4,162056897,162256897,NA,2e+05,1e+05,1.70466370939043e-08
163288892,"Mo","Zmays_RefGen_V4",4,163188892,163388892,NA,2e+05,1e+05,0.0001026461008101
165044362.349315,"P","Zmays_RefGen_V4",4,164853156,165188982,NA,335826,1e+05,3.02173227807301e-09
168161508.5,"Sr","Zmays_RefGen_V4",4,168060304,168262713,NA,202409,1e+05,6.79643436510799e-08
173493727,"As","Zmays_RefGen_V4",4,173393727,173593727,NA,2e+05,1e+05,7.42311784207805e-12
173802310,"Mn","Zmays_RefGen_V4",4,173702310,173902310,NA,2e+05,1e+05,3.11242795379082e-08
175869124.333333,"Mn","Zmays_RefGen_V4",4,175769003,175969198,NA,200195,1e+05,1.29885567555496e-07
178265391,"K","Zmays_RefGen_V4",4,178165391,178365391,NA,2e+05,1e+05,1.27296983740879e-05
178748199,"Mn","Zmays_RefGen_V4",4,178648199,178848199,NA,2e+05,1e+05,2.46710263722407e-07
180150078,"K","Zmays_RefGen_V4",4,180050078,180250078,NA,2e+05,1e+05,9.90519617012586e-06
181633920,"Mo","Zmays_RefGen_V4",4,181533920,181733920,NA,2e+05,1e+05,1.13170257421351e-06
182976535,"Co","Zmays_RefGen_V4",4,182186183,183990739,NA,1804556,1e+05,5.35085104917876e-12
183320066.111111,"Cu","Zmays_RefGen_V4",4,183216900,183421206,NA,204306,1e+05,1.25815587306924e-05
187332777,"Co","Zmays_RefGen_V4",4,187232650,187432904,NA,200254,1e+05,3.25376781471901e-23
188964947,"Co","Zmays_RefGen_V4",4,188853326,189087801,NA,234475,1e+05,1.20904689395983e-06
191960555,"K","Zmays_RefGen_V4",4,191860553,192060557,NA,200004,1e+05,1.45385944313288e-05
191960555,"Rb","Zmays_RefGen_V4",4,191860553,192060557,NA,200004,1e+05,7.14743804640191e-09
200168796,"P","Zmays_RefGen_V4",4,200068796,200268796,NA,2e+05,1e+05,1.82991799105136e-11
201965647.583333,"Co","Zmays_RefGen_V4",4,201859180,202087110,NA,227930,1e+05,1.35665251648361e-09
205848440.5,"Co","Zmays_RefGen_V4",4,205742402,205954479,NA,212077,1e+05,9.78425206292993e-26
206486838,"Co","Zmays_RefGen_V4",4,206386838,206586838,NA,2e+05,1e+05,8.2029933215383e-18
218734128,"Rb","Zmays_RefGen_V4",4,218634128,218834128,NA,2e+05,1e+05,2.88505367324826e-06
222970958,"Sr","Zmays_RefGen_V4",4,222756201,223153744,NA,397543,1e+05,1.37149296964513e-06
233000354.833333,"Ca","Zmays_RefGen_V4",4,232899647,233101824,NA,202177,1e+05,5.02893760381657e-09
233635897,"Cu","Zmays_RefGen_V4",4,233535790,233736004,NA,200214,1e+05,5.41093243094075e-06
234096076.5,"Cu","Zmays_RefGen_V4",4,233996062,234196091,NA,200029,1e+05,1.304415776667e-07
238628447.378378,"K","Zmays_RefGen_V4",4,238477611,238760099,NA,282488,1e+05,4.04869318012964e-06
239082218,"S","Zmays_RefGen_V4",4,238982218,239182218,NA,2e+05,1e+05,5.10181870235215e-08
240414776,"Co","Zmays_RefGen_V4",4,240311370,240518182,NA,206812,1e+05,1.09943716361784e-40
240634724,"K","Zmays_RefGen_V4",4,240534724,240734724,NA,2e+05,1e+05,1.35158466182639e-05
241275020.666667,"Cu","Zmays_RefGen_V4",4,241175004,241375032,NA,200028,1e+05,1.31118185876634e-07
241454238.666667,"Mn","Zmays_RefGen_V4",4,241352833,241554944,NA,202111,1e+05,4.35688318234008e-07
242212917,"Rb","Zmays_RefGen_V4",4,242112917,242312917,NA,2e+05,1e+05,5.26478069465715e-05
242220227.5,"K","Zmays_RefGen_V4",4,242120214,242320241,NA,200027,1e+05,2.90428457871216e-05
242523812,"S","Zmays_RefGen_V4",4,242423812,242623812,NA,2e+05,1e+05,7.47834229892266e-06
243660248.5,"Co","Zmays_RefGen_V4",4,243560248,243760249,NA,200001,1e+05,7.40653461570952e-18
243763091.666667,"P","Zmays_RefGen_V4",4,243663056,243863149,NA,200093,1e+05,2.6171963523677e-09
244186179.5,"Rb","Zmays_RefGen_V4",4,244086098,244286261,NA,200163,1e+05,1.35319116057348e-07
244831063,"K","Zmays_RefGen_V4",4,244731063,244931063,NA,2e+05,1e+05,1.84991009974084e-06
245034255,"S","Zmays_RefGen_V4",4,244934255,245134255,NA,2e+05,1e+05,4.5221003085024e-05
245531202,"Fe","Zmays_RefGen_V4",4,245431175,245631229,NA,200054,1e+05,1.34313660534756e-08
1899190.33333333,"Ca","Zmays_RefGen_V4",5,1798610,2000349,NA,201739,1e+05,4.86125918251796e-07
2389465,"Ca","Zmays_RefGen_V4",5,2289465,2489465,NA,2e+05,1e+05,1.08150092174644e-07
3489197,"Mo","Zmays_RefGen_V4",5,3389197,3589197,NA,2e+05,1e+05,8.99271198926428e-09
3493295.5,"As","Zmays_RefGen_V4",5,3393293,3593298,NA,200005,1e+05,3.25232704826134e-10
4774136,"Cu","Zmays_RefGen_V4",5,4674136,4874136,NA,2e+05,1e+05,8.16130715872481e-09
4824634,"Co","Zmays_RefGen_V4",5,4724533,4924735,NA,200202,1e+05,1.11302935333453e-07
5189132,"Rb","Zmays_RefGen_V4",5,5089033,5289231,NA,200198,1e+05,2.61149723848071e-06
5343248,"Cu","Zmays_RefGen_V4",5,5243248,5443248,NA,2e+05,1e+05,1.044573081322e-07
12790181,"Mn","Zmays_RefGen_V4",5,12690181,12890181,NA,2e+05,1e+05,1.96825975999122e-06
12941871,"K","Zmays_RefGen_V4",5,12841871,13041871,NA,2e+05,1e+05,5.16020996533728e-08
13972068,"Sr","Zmays_RefGen_V4",5,13859153,14084983,NA,225830,1e+05,2.75996748862634e-12
14832445,"Ca","Zmays_RefGen_V4",5,14732445,14932445,NA,2e+05,1e+05,1.83801281395332e-10
15171108,"K","Zmays_RefGen_V4",5,15071108,15271108,NA,2e+05,1e+05,8.57439883916698e-08
15734390.5,"Zn","Zmays_RefGen_V4",5,15634100,15834681,NA,200581,1e+05,2.11308151652661e-07
15741155.6666667,"Cu","Zmays_RefGen_V4",5,15640805,15841786,NA,200981,1e+05,5.03337092068268e-06
17004920,"K","Zmays_RefGen_V4",5,16904920,17128423,NA,223503,1e+05,1.09236209016981e-07
17892903,"Zn","Zmays_RefGen_V4",5,17792903,17992903,NA,2e+05,1e+05,3.53531127358158e-06
22857773.6153846,"Co","Zmays_RefGen_V4",5,22695397,23015654,NA,320257,1e+05,1.9101173178818e-56
24561430.3333333,"K","Zmays_RefGen_V4",5,24358966,24724272,NA,365306,1e+05,6.20065129540096e-08
64283012,"Mo","Zmays_RefGen_V4",5,64183012,64383012,NA,2e+05,1e+05,6.19836245858694e-05
81996179,"Mg","Zmays_RefGen_V4",5,81896179,82096179,NA,2e+05,1e+05,1.56249022755629e-11
104503885.235294,"Rb","Zmays_RefGen_V4",5,104398999,104624382,NA,225383,1e+05,8.10120290200102e-14
145284707,"As","Zmays_RefGen_V4",5,145184707,145384707,NA,2e+05,1e+05,7.93289164710297e-09
153589157,"P","Zmays_RefGen_V4",5,153489157,153689157,NA,2e+05,1e+05,1.63723378815842e-10
158822798.266667,"Mo","Zmays_RefGen_V4",5,158717461,158933585,NA,216124,1e+05,2.42785659619335e-05
161324942,"Fe","Zmays_RefGen_V4",5,161224942,161424942,NA,2e+05,1e+05,5.9899641764835e-06
162401688,"Mo","Zmays_RefGen_V4",5,162301688,162501688,NA,2e+05,1e+05,2.17492080107231e-10
166645330,"Mo","Zmays_RefGen_V4",5,166545330,166745330,NA,2e+05,1e+05,1.74526228800165e-05
167820881,"Fe","Zmays_RefGen_V4",5,167720881,167920881,NA,2e+05,1e+05,6.87281340829529e-06
171184498.142857,"K","Zmays_RefGen_V4",5,171082760,171291668,NA,208908,1e+05,1.9749357395666e-09
175219716.4,"Co","Zmays_RefGen_V4",5,175118284,175326413,NA,208129,1e+05,1.78708935947e-22
175301309,"As","Zmays_RefGen_V4",5,175201309,175401309,NA,2e+05,1e+05,2.69235580168372e-13
176391797,"Mo","Zmays_RefGen_V4",5,176291797,176491797,NA,2e+05,1e+05,3.77009670776331e-07
177044637,"Mo","Zmays_RefGen_V4",5,176944637,177144637,NA,2e+05,1e+05,8.78457434536874e-09
178231925,"Mo","Zmays_RefGen_V4",5,178131925,178339689,NA,207764,1e+05,7.38676821165824e-06
178448056,"Mo","Zmays_RefGen_V4",5,178348056,178733177,NA,385121,1e+05,1.24465573495195e-15
179025942,"Mo","Zmays_RefGen_V4",5,178925942,179125942,NA,2e+05,1e+05,3.22341943523817e-31
179029279,"Co","Zmays_RefGen_V4",5,178926760,179133132,NA,206372,1e+05,3.73054779434111e-32
179360375,"Ca","Zmays_RefGen_V4",5,179260375,179460375,NA,2e+05,1e+05,1.19706554230986e-05
179607006,"Mo","Zmays_RefGen_V4",5,179507006,179707006,NA,2e+05,1e+05,9.51646189295017e-06
179841403,"Zn","Zmays_RefGen_V4",5,179741403,179941403,NA,2e+05,1e+05,1.96372756520488e-06
180057121,"Mo","Zmays_RefGen_V4",5,179957121,180157121,NA,2e+05,1e+05,7.10995036072222e-10
180478344,"Mo","Zmays_RefGen_V4",5,180378344,180578344,NA,2e+05,1e+05,2.9665961964089e-06
181430698,"Sr","Zmays_RefGen_V4",5,181330698,181530698,NA,2e+05,1e+05,1.68688264977634e-11
186656106,"Zn","Zmays_RefGen_V4",5,186556106,186756106,NA,2e+05,1e+05,0.0008733309958181
188594457,"Zn","Zmays_RefGen_V4",5,188494457,188694457,NA,2e+05,1e+05,5.02595663359483e-07
190357050.5,"Zn","Zmays_RefGen_V4",5,190257017,190457084,NA,200067,1e+05,0.00011274100724238
190497559.333333,"Rb","Zmays_RefGen_V4",5,190377716,190637111,NA,259395,1e+05,4.27980480597719e-11
192893614,"Ni","Zmays_RefGen_V4",5,192793614,192993614,NA,2e+05,1e+05,1.70971866483086e-09
193684628.666667,"Zn","Zmays_RefGen_V4",5,193584610,193784656,NA,200046,1e+05,8.46865139826228e-09
193858855,"Mg","Zmays_RefGen_V4",5,193758855,193958855,NA,2e+05,1e+05,2.98051349872732e-07
194392638,"Zn","Zmays_RefGen_V4",5,194292638,194492638,NA,2e+05,1e+05,0.00025379991642728
195025041.333333,"Zn","Zmays_RefGen_V4",5,194924478,195125889,NA,201411,1e+05,1.10633955013677e-08
195352002.5,"Zn","Zmays_RefGen_V4",5,195251466,195452539,NA,201073,1e+05,5.58677594273221e-14
195558851,"Zn","Zmays_RefGen_V4",5,195458851,195658851,NA,2e+05,1e+05,3.36863057718466e-05
196071532,"Zn","Zmays_RefGen_V4",5,195971532,196171532,NA,2e+05,1e+05,0.00012491170751723
196312249,"Zn","Zmays_RefGen_V4",5,196212249,196497359,NA,285110,1e+05,5.05303997555654e-07
197267512,"Mg","Zmays_RefGen_V4",5,197167512,197367512,NA,2e+05,1e+05,3.20587610022107e-05
199281795,"Zn","Zmays_RefGen_V4",5,199181795,199381795,NA,2e+05,1e+05,7.12919144700113e-08
199542879.5,"Mg","Zmays_RefGen_V4",5,199442813,199642946,NA,200133,1e+05,1.07041725729003e-08
199980773,"Sr","Zmays_RefGen_V4",5,199880773,200080773,NA,2e+05,1e+05,7.70973409710971e-10
200700369,"Co","Zmays_RefGen_V4",5,200600369,200800369,NA,2e+05,1e+05,3.03205777443334e-54
200853586,"Zn","Zmays_RefGen_V4",5,200753586,200953586,NA,2e+05,1e+05,1.41337737935038e-06
200853833,"Fe","Zmays_RefGen_V4",5,200753833,200953833,NA,2e+05,1e+05,1.08519806202237e-08
201473632,"Fe","Zmays_RefGen_V4",5,201373632,201573632,NA,2e+05,1e+05,5.35397008864519e-07
203524842,"Mg","Zmays_RefGen_V4",5,203421819,203627865,NA,206046,1e+05,1.47852372001706e-05
203670863.5,"Ca","Zmays_RefGen_V4",5,203570440,203771287,NA,200847,1e+05,1.81163232790887e-10
205068259.941176,"Co","Zmays_RefGen_V4",5,204961017,205169642,NA,208625,1e+05,1.67104364487279e-08
205251215.473684,"Rb","Zmays_RefGen_V4",5,204989483,205385586,NA,396103,1e+05,1.77074750832488e-07
205295847,"Co","Zmays_RefGen_V4",5,205195835,205395860,NA,200025,1e+05,1.06911422007922e-11
205527905.333333,"Cu","Zmays_RefGen_V4",5,205377959,205677183,NA,299224,1e+05,1.90085447694398e-06
206072540,"Rb","Zmays_RefGen_V4",5,205972540,206172540,NA,2e+05,1e+05,3.29386604360722e-10
209614798,"S","Zmays_RefGen_V4",5,209514798,209714798,NA,2e+05,1e+05,1.51372166061061e-07
209615573,"K","Zmays_RefGen_V4",5,209515573,209715573,NA,2e+05,1e+05,1.01544203815595e-08
210003241,"Mg","Zmays_RefGen_V4",5,209903241,210103241,NA,2e+05,1e+05,9.90637227454858e-08
210970910,"Mo","Zmays_RefGen_V4",5,210870910,211070910,NA,2e+05,1e+05,3.36905417011502e-10
211003595.75,"Cu","Zmays_RefGen_V4",5,210903300,211104137,NA,200837,1e+05,5.18125354821138e-06
211122809,"S","Zmays_RefGen_V4",5,211022809,211222809,NA,2e+05,1e+05,3.70459426564787e-09
211153413,"Zn","Zmays_RefGen_V4",5,211053413,211253413,NA,2e+05,1e+05,0.00051398366095749
211154480,"Mg","Zmays_RefGen_V4",5,211054432,211254541,NA,200109,1e+05,1.22109071849159e-05
211775731,"Mn","Zmays_RefGen_V4",5,211675731,211875731,NA,2e+05,1e+05,2.41051403301859e-08
212264331.888889,"Zn","Zmays_RefGen_V4",5,212158961,212370298,NA,211337,1e+05,1.10050602388889e-07
212264408,"Rb","Zmays_RefGen_V4",5,212164408,212490768,NA,326360,1e+05,0.00010521899564538
212500643,"P","Zmays_RefGen_V4",5,212400643,212600643,NA,2e+05,1e+05,9.78870808759707e-07
212588040,"K","Zmays_RefGen_V4",5,212488040,212688040,NA,2e+05,1e+05,6.40736273739302e-07
212690345.666667,"Ca","Zmays_RefGen_V4",5,212590320,212790360,NA,200040,1e+05,1.23951183898062e-07
214626063.142857,"Cu","Zmays_RefGen_V4",5,214525516,214726395,NA,200879,1e+05,2.09093861709866e-10
215546849,"Cu","Zmays_RefGen_V4",5,215446849,215646849,NA,2e+05,1e+05,1.40987309741548e-06
215568988.576923,"Ca","Zmays_RefGen_V4",5,215464836,215673819,NA,208983,1e+05,5.05816649505504e-06
215721223,"Ni","Zmays_RefGen_V4",5,215621223,215821223,NA,2e+05,1e+05,8.05059910944553e-06
216597112,"Sr","Zmays_RefGen_V4",5,216497112,216697112,NA,2e+05,1e+05,2.85601724972801e-08
217941452,"Mn","Zmays_RefGen_V4",5,217841452,218041452,NA,2e+05,1e+05,8.78105599307032e-05
218214466.5,"Mn","Zmays_RefGen_V4",5,218114431,218314502,NA,200071,1e+05,2.91919944803627e-06
218215542,"Mo","Zmays_RefGen_V4",5,218115542,218315542,NA,2e+05,1e+05,5.69788604968802e-06
218864883,"Mo","Zmays_RefGen_V4",5,218764883,219040413,NA,275530,1e+05,9.731561920435e-06
218885211,"Zn","Zmays_RefGen_V4",5,218785211,218985211,NA,2e+05,1e+05,1.3906357972506e-07
219182567.571429,"Fe","Zmays_RefGen_V4",5,219082090,219282989,NA,200899,1e+05,7.47533725338805e-07
219952175,"Mo","Zmays_RefGen_V4",5,219850622,220055214,NA,204592,1e+05,1.41147961176419e-06
220721652.4,"Mn","Zmays_RefGen_V4",5,220621524,220821927,NA,200403,1e+05,6.40959045760225e-10
221158547.333333,"Mg","Zmays_RefGen_V4",5,221058534,221258573,NA,200039,1e+05,1.08963484640549e-07
221867341,"Rb","Zmays_RefGen_V4",5,221767341,221967341,NA,2e+05,1e+05,1.29415049840719e-06
2059445.33333333,"Co","Zmays_RefGen_V4",6,1959400,2159519,NA,200119,1e+05,3.80984156524405e-12
4963046,"Co","Zmays_RefGen_V4",6,4863046,5063046,NA,2e+05,1e+05,1.0174590873198e-22
7337851,"S","Zmays_RefGen_V4",6,7237851,7437851,NA,2e+05,1e+05,4.28151922279784e-06
9054015,"Zn","Zmays_RefGen_V4",6,8954015,9154015,NA,2e+05,1e+05,0.0001157040081067
22486804,"Ca","Zmays_RefGen_V4",6,22386804,22586804,NA,2e+05,1e+05,0.00075739289938183
26778818,"Ca","Zmays_RefGen_V4",6,26678818,26878818,NA,2e+05,1e+05,0.00138132625614883
28097971,"Mg","Zmays_RefGen_V4",6,27997971,28197971,NA,2e+05,1e+05,5.61808677860164e-08
28453276.3333333,"Fe","Zmays_RefGen_V4",6,28351596,28555030,NA,203434,1e+05,5.51477210712043e-07
33611227,"Mn","Zmays_RefGen_V4",6,33511227,33711227,NA,2e+05,1e+05,1.88197669522727e-05
63339463.25,"Mg","Zmays_RefGen_V4",6,63153848,63468028,NA,314180,1e+05,2.43817999067602e-05
65321246.6666667,"Zn","Zmays_RefGen_V4",6,65221203,65421329,NA,200126,1e+05,9.1925626948674e-12
71917226.1666667,"Ca","Zmays_RefGen_V4",6,71813854,72022526,NA,208672,1e+05,0.00017138307662954
77578109,"Zn","Zmays_RefGen_V4",6,77478109,77678109,NA,2e+05,1e+05,7.15587450599269e-11
86136970,"Zn","Zmays_RefGen_V4",6,86036970,86236970,NA,2e+05,1e+05,5.72528593058092e-10
87193973,"Mo","Zmays_RefGen_V4",6,87093973,87293973,NA,2e+05,1e+05,1.92737072580085e-06
96699006,"P","Zmays_RefGen_V4",6,96599006,96799006,NA,2e+05,1e+05,0.00013351047494065
99581181,"Cd","Zmays_RefGen_V4",6,99481181,99681181,NA,2e+05,1e+05,1.44790672395881e-17
106310210,"P","Zmays_RefGen_V4",6,106210210,106410210,NA,2e+05,1e+05,0.0003168645154194
107627089,"P","Zmays_RefGen_V4",6,107527089,107727089,NA,2e+05,1e+05,2.84124766353772e-09
108610877.821429,"K","Zmays_RefGen_V4",6,108450339,108720131,NA,269792,1e+05,1.48594016861714e-07
110416694,"B","Zmays_RefGen_V4",6,110315760,110517102,NA,201342,1e+05,1.76492845658465e-06
112170555,"K","Zmays_RefGen_V4",6,112070555,112270555,NA,2e+05,1e+05,2.63626307014866e-09
120003579,"Co","Zmays_RefGen_V4",6,119903579,120103579,NA,2e+05,1e+05,1.92516831989868e-08
125470330,"Mn","Zmays_RefGen_V4",6,125370330,125570330,NA,2e+05,1e+05,6.41711461289693e-09
139819636,"S","Zmays_RefGen_V4",6,139719636,139919636,NA,2e+05,1e+05,3.61602131563697e-05
145148814,"Rb","Zmays_RefGen_V4",6,145048814,145248814,NA,2e+05,1e+05,1.91821572564372e-09
145320096.666667,"Mo","Zmays_RefGen_V4",6,145219934,145420421,NA,200487,1e+05,2.7634264060794e-10
145782017,"Mo","Zmays_RefGen_V4",6,145682017,145882017,NA,2e+05,1e+05,2.99230328234709e-05
145807476,"Fe","Zmays_RefGen_V4",6,145707476,145907476,NA,2e+05,1e+05,0.00012445670168829
150087038.16,"Mg","Zmays_RefGen_V4",6,149966398,150263048,NA,296650,1e+05,0.00075522958126394
150925083,"S","Zmays_RefGen_V4",6,150825083,151025083,NA,2e+05,1e+05,4.31625867362614e-05
151006362,"P","Zmays_RefGen_V4",6,150906362,151106362,NA,2e+05,1e+05,0.00029794177858054
152593358,"Ca","Zmays_RefGen_V4",6,152493358,152693358,NA,2e+05,1e+05,2.16489556851283e-06
153180725,"Mg","Zmays_RefGen_V4",6,153080706,153280741,NA,200035,1e+05,4.35028418851851e-07
153714962,"Ca","Zmays_RefGen_V4",6,153614962,153814962,NA,2e+05,1e+05,6.91357008807817e-07
154785273,"Fe","Zmays_RefGen_V4",6,154685273,154885273,NA,2e+05,1e+05,1.95501662395585e-06
154926536.333333,"P","Zmays_RefGen_V4",6,154826520,155026546,NA,200026,1e+05,8.98600324604576e-08
155062454,"S","Zmays_RefGen_V4",6,154962454,155162454,NA,2e+05,1e+05,1.82915114602498e-07
155441946,"Zn","Zmays_RefGen_V4",6,155325120,155558772,NA,233652,1e+05,6.00194264699301e-10
157414327.25,"Zn","Zmays_RefGen_V4",6,157313873,157514713,NA,200840,1e+05,5.84912505144817e-05
158920762,"Rb","Zmays_RefGen_V4",6,158820762,159020762,NA,2e+05,1e+05,2.65565866967779e-06
159311760.666667,"Rb","Zmays_RefGen_V4",6,159211189,159412229,NA,201040,1e+05,4.16825323984644e-07
159763854,"Mg","Zmays_RefGen_V4",6,159663854,159863854,NA,2e+05,1e+05,5.12968661967044e-05
162745139.666667,"Sr","Zmays_RefGen_V4",6,162645137,162845144,NA,200007,1e+05,9.35143905094134e-07
163762171,"B","Zmays_RefGen_V4",6,163662171,163862171,NA,2e+05,1e+05,3.5437661426722e-06
164738616.142857,"As","Zmays_RefGen_V4",6,164638587,164838644,NA,200057,1e+05,6.2748042256004e-08
165067076,"Ca","Zmays_RefGen_V4",6,164967076,165167076,NA,2e+05,1e+05,1.4823940270999e-10
165173752.666667,"B","Zmays_RefGen_V4",6,165073619,165273900,NA,200281,1e+05,1.01955299027314e-10
165892793,"Mg","Zmays_RefGen_V4",6,165792793,165992793,NA,2e+05,1e+05,1.73796641215352e-05
166304445.5,"Mg","Zmays_RefGen_V4",6,166204382,166404509,NA,200127,1e+05,1.40513825759684e-05
166309294.5,"Fe","Zmays_RefGen_V4",6,166209215,166409425,NA,200210,1e+05,4.88622152518058e-07
166475316,"Sr","Zmays_RefGen_V4",6,166375316,166575316,NA,2e+05,1e+05,2.40234587197258e-12
166533198,"Ca","Zmays_RefGen_V4",6,166431871,166634479,NA,202608,1e+05,1.04345154844083e-06
166801196,"Mg","Zmays_RefGen_V4",6,166701192,166901200,NA,200008,1e+05,2.56742540395438e-08
166893242,"Fe","Zmays_RefGen_V4",6,166793242,166993242,NA,2e+05,1e+05,1.31847738310943e-05
167227382,"Sr","Zmays_RefGen_V4",6,167127382,167327382,NA,2e+05,1e+05,1.73110334562618e-10
167627090,"Mg","Zmays_RefGen_V4",6,167527090,167727090,NA,2e+05,1e+05,0.00374638396996614
167628504.5,"As","Zmays_RefGen_V4",6,167525283,167731726,NA,206443,1e+05,2.59967030564625e-05
168456850,"P","Zmays_RefGen_V4",6,168353003,168560697,NA,207694,1e+05,0.00029869433234161
168771597,"Mg","Zmays_RefGen_V4",6,168671597,168871597,NA,2e+05,1e+05,2.1697228038063e-05
168822893,"Cd","Zmays_RefGen_V4",6,168722893,168922893,NA,2e+05,1e+05,3.71571958581227e-06
168833080,"Ca","Zmays_RefGen_V4",6,168733080,168933080,NA,2e+05,1e+05,3.48711179331326e-06
169394166,"Mg","Zmays_RefGen_V4",6,169294166,169494166,NA,2e+05,1e+05,2.22766594872376e-08
169501154,"P","Zmays_RefGen_V4",6,169401154,169601154,NA,2e+05,1e+05,2.62425740050048e-11
169678582,"Mg","Zmays_RefGen_V4",6,169578582,169778582,NA,2e+05,1e+05,4.51171449470445e-05
170973950,"Co","Zmays_RefGen_V4",6,170873950,171073950,NA,2e+05,1e+05,8.18882058220219e-31
171049660,"S","Zmays_RefGen_V4",6,170949660,171149660,NA,2e+05,1e+05,3.99314405880144e-07
171869557.538462,"Fe","Zmays_RefGen_V4",6,171768984,171970123,NA,201139,1e+05,1.92853713562399e-08
171874316,"P","Zmays_RefGen_V4",6,171774316,171974316,NA,2e+05,1e+05,5.99525368349018e-07
172038003,"Mg","Zmays_RefGen_V4",6,171938003,172138003,NA,2e+05,1e+05,6.09815602258259e-09
1420489,"S","Zmays_RefGen_V4",7,1320489,1520489,NA,2e+05,1e+05,2.60664804526462e-08
2271003,"Ni","Zmays_RefGen_V4",7,2171003,2371003,NA,2e+05,1e+05,7.61811117199079e-07
2540527,"Mo","Zmays_RefGen_V4",7,2440476,2640618,NA,200142,1e+05,1.74126564559358e-07
2686320.5,"P","Zmays_RefGen_V4",7,2586283,2786358,NA,200075,1e+05,5.27715951400656e-06
3306186,"Mo","Zmays_RefGen_V4",7,3206173,3406199,NA,200026,1e+05,6.74585992351196e-07
4102647,"Mo","Zmays_RefGen_V4",7,4002647,4202647,NA,2e+05,1e+05,2.3540398030426e-07
4283751,"Fe","Zmays_RefGen_V4",7,4183750,4576873,NA,393123,1e+05,1.29714955167302e-08
5225882,"Fe","Zmays_RefGen_V4",7,5125882,5325882,NA,2e+05,1e+05,2.70568968914312e-07
5353929,"Co","Zmays_RefGen_V4",7,5253929,5453929,NA,2e+05,1e+05,1.38553697734324e-15
5390268,"Cu","Zmays_RefGen_V4",7,5290236,5490300,NA,200064,1e+05,1.61760766581883e-08
5393020,"Mn","Zmays_RefGen_V4",7,5293020,5493020,NA,2e+05,1e+05,9.71264210144766e-07
5870534,"Fe","Zmays_RefGen_V4",7,5770534,5970534,NA,2e+05,1e+05,1.32604370301299e-05
6583895,"S","Zmays_RefGen_V4",7,6483895,6683895,NA,2e+05,1e+05,1.34050346323075e-08
9350326,"Co","Zmays_RefGen_V4",7,9232546,9462459,NA,229913,1e+05,8.77924295694801e-18
9355184,"Mn","Zmays_RefGen_V4",7,9255184,9455184,NA,2e+05,1e+05,1.58538401100324e-05
10207187,"Fe","Zmays_RefGen_V4",7,10107187,10307187,NA,2e+05,1e+05,1.21562983565649e-07
15279051,"Co","Zmays_RefGen_V4",7,15179051,15379051,NA,2e+05,1e+05,1.02982691320942e-11
15732123,"Co","Zmays_RefGen_V4",7,15632123,15832123,NA,2e+05,1e+05,2.38183986923204e-06
16227398.4375,"Co","Zmays_RefGen_V4",7,15972643,16751951,NA,779308,1e+05,1.01410363406853e-24
17864524,"Co","Zmays_RefGen_V4",7,17764506,17964542,NA,200036,1e+05,1.48646612545511e-54
18347890.9333333,"Co","Zmays_RefGen_V4",7,18027020,18555928,NA,528908,1e+05,3.23069711254391e-11
18785940.3333333,"Co","Zmays_RefGen_V4",7,18671999,18895815,NA,223816,1e+05,9.49303287897703e-81
19869482,"Co","Zmays_RefGen_V4",7,19769281,19969683,NA,200402,1e+05,1.77222183416568e-44
21621141,"Co","Zmays_RefGen_V4",7,21521141,21721141,NA,2e+05,1e+05,7.69522119594102e-07
22115221,"Mo","Zmays_RefGen_V4",7,22015221,22215221,NA,2e+05,1e+05,4.78851800852065e-06
22574377,"Co","Zmays_RefGen_V4",7,22474377,22741894,NA,267517,1e+05,8.68220046986861e-22
24340347,"Co","Zmays_RefGen_V4",7,24240347,24440347,NA,2e+05,1e+05,2.25765604811457e-67
25229388,"Co","Zmays_RefGen_V4",7,25129388,25329388,NA,2e+05,1e+05,1.61516254083676e-15
27538104,"Co","Zmays_RefGen_V4",7,27438104,27807053,NA,368949,1e+05,1.18769382404713e-105
30537762,"Cd","Zmays_RefGen_V4",7,30437762,30637762,NA,2e+05,1e+05,1.12060380642472e-07
33341529,"Co","Zmays_RefGen_V4",7,33241529,33441529,NA,2e+05,1e+05,2.88126641061174e-21
48337274.5,"Mg","Zmays_RefGen_V4",7,48231029,48443520,NA,212491,1e+05,4.91203224652575e-09
122228508,"Co","Zmays_RefGen_V4",7,122128054,122328962,NA,200908,1e+05,6.35775102322069e-37
123844711.555556,"Co","Zmays_RefGen_V4",7,123716302,124057408,NA,341106,1e+05,3.81051622139334e-34
128795988,"Cu","Zmays_RefGen_V4",7,128695024,128897664,NA,202640,1e+05,3.85010557433984e-07
130530202.5,"Zn","Zmays_RefGen_V4",7,130429789,130630616,NA,200827,1e+05,4.74060567122476e-06
132731816,"Ca","Zmays_RefGen_V4",7,132631816,132831816,NA,2e+05,1e+05,3.7308456151338e-08
133380844,"Ni","Zmays_RefGen_V4",7,133280844,133480844,NA,2e+05,1e+05,3.74747705548941e-09
143900762,"Rb","Zmays_RefGen_V4",7,143800762,144000762,NA,2e+05,1e+05,9.71919897769043e-08
146504477,"P","Zmays_RefGen_V4",7,146404442,146604512,NA,200070,1e+05,4.92247122836991e-06
147728502,"Cu","Zmays_RefGen_V4",7,147628502,147828502,NA,2e+05,1e+05,1.50945087869553e-07
147970500,"Mn","Zmays_RefGen_V4",7,147870416,148070640,NA,200224,1e+05,1.56295845693842e-06
147974021.6875,"P","Zmays_RefGen_V4",7,147872761,148074604,NA,201843,1e+05,9.44126177773845e-08
148458013.777778,"Mn","Zmays_RefGen_V4",7,148357495,148558740,NA,201245,1e+05,1.41392420606679e-07
149132753,"Zn","Zmays_RefGen_V4",7,149032753,149232753,NA,2e+05,1e+05,1.92788824235066e-08
150140297,"Rb","Zmays_RefGen_V4",7,150040297,150240297,NA,2e+05,1e+05,0.00017718558099803
150896353,"Cu","Zmays_RefGen_V4",7,150796353,150997806,NA,201453,1e+05,2.54665113917862e-05
151120243.818182,"Ni","Zmays_RefGen_V4",7,150997713,151311776,NA,314063,1e+05,3.67700974477645e-10
151210918,"Ca","Zmays_RefGen_V4",7,151110918,151310918,NA,2e+05,1e+05,1.10268715938116e-05
155185463,"Mo","Zmays_RefGen_V4",7,155085463,155285463,NA,2e+05,1e+05,3.52781435886087e-06
161429714,"Ni","Zmays_RefGen_V4",7,161329714,161529714,NA,2e+05,1e+05,1.84380807475194e-05
161725144,"S","Zmays_RefGen_V4",7,161625144,161825144,NA,2e+05,1e+05,1.45677012385363e-06
162502247,"Se","Zmays_RefGen_V4",7,162402247,162602247,NA,2e+05,1e+05,7.94244408852927e-07
162746412,"As","Zmays_RefGen_V4",7,162646412,162846412,NA,2e+05,1e+05,1.97888553022144e-05
164497990,"Mn","Zmays_RefGen_V4",7,164397990,164597990,NA,2e+05,1e+05,1.35292740196833e-07
165274304,"Mo","Zmays_RefGen_V4",7,165174304,165374304,NA,2e+05,1e+05,1.12006566916372e-05
165933525,"Mg","Zmays_RefGen_V4",7,165833519,166033531,NA,200012,1e+05,2.48392095957496e-07
166072202,"Fe","Zmays_RefGen_V4",7,165972202,166172814,NA,200612,1e+05,3.03854230518758e-09
166768200,"Cu","Zmays_RefGen_V4",7,166668200,166868200,NA,2e+05,1e+05,2.56642759690136e-06
166770198,"Fe","Zmays_RefGen_V4",7,166670198,166870198,NA,2e+05,1e+05,6.61192018143367e-08
166912591.153846,"Co","Zmays_RefGen_V4",7,166811663,167013591,NA,201928,1e+05,8.47713569438321e-23
167274115,"Ca","Zmays_RefGen_V4",7,167174115,167374115,NA,2e+05,1e+05,1.86368899539907e-09
167284439,"Sr","Zmays_RefGen_V4",7,167184439,167384439,NA,2e+05,1e+05,0.00010997876720592
167371529,"Cu","Zmays_RefGen_V4",7,167271529,167471529,NA,2e+05,1e+05,1.64503859902126e-07
167374246,"Fe","Zmays_RefGen_V4",7,167274246,167474246,NA,2e+05,1e+05,3.67806187743689e-07
167816701.5,"P","Zmays_RefGen_V4",7,167716659,167926016,NA,209357,1e+05,1.55981076491895e-07
169114566,"As","Zmays_RefGen_V4",7,169014566,169214566,NA,2e+05,1e+05,9.39728700961253e-10
170373816,"Ca","Zmays_RefGen_V4",7,170273816,170473816,NA,2e+05,1e+05,9.2814167798719e-09
170390917,"Sr","Zmays_RefGen_V4",7,170290901,170490933,NA,200032,1e+05,0.00012961349942879
171250807.7,"Rb","Zmays_RefGen_V4",7,171132293,171384578,NA,252285,1e+05,3.03573381097501e-07
171441708,"Se","Zmays_RefGen_V4",7,171341708,171541708,NA,2e+05,1e+05,5.69071106041384e-10
171658535.375,"Mn","Zmays_RefGen_V4",7,171488085,171806211,NA,318126,1e+05,5.59068035507165e-08
172544242,"Co","Zmays_RefGen_V4",7,172443817,172644590,NA,200773,1e+05,2.45156538677471e-22
172910180.3,"Co","Zmays_RefGen_V4",7,172800197,173066658,NA,266461,1e+05,8.36327691715263e-27
173953639,"Ni","Zmays_RefGen_V4",7,173853639,174053639,NA,2e+05,1e+05,1.74451610732206e-09
174481006,"Zn","Zmays_RefGen_V4",7,174381006,174581006,NA,2e+05,1e+05,0.00023050646909071
175459548,"Cd","Zmays_RefGen_V4",7,175359548,175559548,NA,2e+05,1e+05,2.41053711338428e-09
176616536,"Co","Zmays_RefGen_V4",7,176516536,176716536,NA,2e+05,1e+05,3.03390314682276e-17
176667052,"Zn","Zmays_RefGen_V4",7,176567052,176767052,NA,2e+05,1e+05,9.31274404193876e-07
177302821,"Fe","Zmays_RefGen_V4",7,177202821,177405303,NA,202482,1e+05,3.58713405208572e-08
178254466,"Fe","Zmays_RefGen_V4",7,178154466,178354466,NA,2e+05,1e+05,9.56613673198107e-08
178255192,"Mg","Zmays_RefGen_V4",7,178154478,178356074,NA,201596,1e+05,1.087154167917e-09
179019194,"Zn","Zmays_RefGen_V4",7,178919194,179119194,NA,2e+05,1e+05,4.22881575892548e-05
179068172,"Fe","Zmays_RefGen_V4",7,178968172,179430350,NA,462178,1e+05,2.28114806099071e-09
179470337.375,"Zn","Zmays_RefGen_V4",7,179369602,179574033,NA,204431,1e+05,0.00010892734575846
179748239,"Mo","Zmays_RefGen_V4",7,179648239,179848239,NA,2e+05,1e+05,3.30551545932673e-07
179927303,"Fe","Zmays_RefGen_V4",7,179827303,180176922,NA,349619,1e+05,2.06289646445948e-06
179979779,"Zn","Zmays_RefGen_V4",7,179879779,180103795,NA,224016,1e+05,9.53989625854578e-10
180232808,"Zn","Zmays_RefGen_V4",7,180132808,180400625,NA,267817,1e+05,6.09449061833536e-09
180239611,"S","Zmays_RefGen_V4",7,180139611,180339611,NA,2e+05,1e+05,1.2681996157017e-06
180325997,"Cd","Zmays_RefGen_V4",7,180225997,180425997,NA,2e+05,1e+05,1.57238318129174e-30
180509779,"Fe","Zmays_RefGen_V4",7,180409779,180609779,NA,2e+05,1e+05,5.15330502091687e-14
180509779,"Zn","Zmays_RefGen_V4",7,180409779,180609779,NA,2e+05,1e+05,2.95371329568388e-06
180835409,"Fe","Zmays_RefGen_V4",7,180735087,180936051,NA,200964,1e+05,1.52777754128989e-06
180835409,"Zn","Zmays_RefGen_V4",7,180735087,180936051,NA,200964,1e+05,1.61290409681904e-08
180836168.8,"P","Zmays_RefGen_V4",7,180736111,180936210,NA,200099,1e+05,8.97837669395048e-09
625871,"Zn","Zmays_RefGen_V4",8,525871,725871,NA,2e+05,1e+05,6.20431773213718e-13
1665734,"S","Zmays_RefGen_V4",8,1565734,1765734,NA,2e+05,1e+05,1.32319472692722e-06
5660825.5,"Mg","Zmays_RefGen_V4",8,5557865,5763786,NA,205921,1e+05,1.53715582599528e-05
7167715,"Co","Zmays_RefGen_V4",8,7067715,7267715,NA,2e+05,1e+05,2.46137167661261e-16
8326555,"Co","Zmays_RefGen_V4",8,8217107,8431333,NA,214226,1e+05,8.99300824381499e-46
8410033,"Zn","Zmays_RefGen_V4",8,8310033,8510033,NA,2e+05,1e+05,5.16622209307575e-07
10449967,"S","Zmays_RefGen_V4",8,10349967,10549967,NA,2e+05,1e+05,1.24155013525863e-06
12038542,"Zn","Zmays_RefGen_V4",8,11938542,12138542,NA,2e+05,1e+05,8.4786866211787e-08
12512705,"Cu","Zmays_RefGen_V4",8,12412705,12612705,NA,2e+05,1e+05,6.80926787288565e-11
13090473,"Cu","Zmays_RefGen_V4",8,12990473,13190473,NA,2e+05,1e+05,2.38987482746284e-08
13284614,"S","Zmays_RefGen_V4",8,13184614,13443562,NA,258948,1e+05,3.10960637616118e-07
15170118.0909091,"Cu","Zmays_RefGen_V4",8,15068887,15273249,NA,204362,1e+05,2.47752596852121e-07
15205729,"Mn","Zmays_RefGen_V4",8,15105729,15305729,NA,2e+05,1e+05,3.12855418178455e-05
15480096,"Cu","Zmays_RefGen_V4",8,15380096,15580096,NA,2e+05,1e+05,1.60995487547109e-06
16475907,"S","Zmays_RefGen_V4",8,16375773,16576041,NA,200268,1e+05,2.02302643190097e-11
16877247.125,"Mg","Zmays_RefGen_V4",8,16777061,16977483,NA,200422,1e+05,2.35611177971055e-09
16887063,"S","Zmays_RefGen_V4",8,16787063,16987063,NA,2e+05,1e+05,2.61516354553927e-06
17287676,"Fe","Zmays_RefGen_V4",8,17187676,17387676,NA,2e+05,1e+05,3.61447814275459e-06
21238703.25,"Rb","Zmays_RefGen_V4",8,21138550,21495681,NA,357131,1e+05,2.63418649119694e-07
21416416,"K","Zmays_RefGen_V4",8,21316416,21516416,NA,2e+05,1e+05,1.83099825127694e-06
47967207,"Cu","Zmays_RefGen_V4",8,47867207,48067207,NA,2e+05,1e+05,1.05960724037883e-07
63594453,"Rb","Zmays_RefGen_V4",8,63494453,63694453,NA,2e+05,1e+05,2.66977733807097e-05
81134800,"As","Zmays_RefGen_V4",8,81034800,81234800,NA,2e+05,1e+05,9.75217097440251e-05
97513501,"Cu","Zmays_RefGen_V4",8,97273989,97853204,NA,579215,1e+05,0.0001860388019521
104913690,"Co","Zmays_RefGen_V4",8,104813690,105013690,NA,2e+05,1e+05,1.37861026699551e-14
109068886,"Fe","Zmays_RefGen_V4",8,108968886,109168886,NA,2e+05,1e+05,0.00013021437751774
118002653,"Mg","Zmays_RefGen_V4",8,117899852,118106072,NA,206220,1e+05,1.02301524535315e-07
125534954,"S","Zmays_RefGen_V4",8,125434954,125634954,NA,2e+05,1e+05,4.24665096735785e-06
128848683.111111,"Cu","Zmays_RefGen_V4",8,128681475,129001065,NA,319590,1e+05,1.98516239024315e-05
133019289,"Cu","Zmays_RefGen_V4",8,132919289,133119289,NA,2e+05,1e+05,3.49339085003635e-08
134640953,"Ni","Zmays_RefGen_V4",8,134540953,134740953,NA,2e+05,1e+05,1.28002984259551e-11
137133664,"Cu","Zmays_RefGen_V4",8,137033664,137233664,NA,2e+05,1e+05,2.41883133090619e-05
137867989,"As","Zmays_RefGen_V4",8,137767989,137967989,NA,2e+05,1e+05,1.6263213839639e-08
137935068.5,"Cu","Zmays_RefGen_V4",8,137830445,138039692,NA,209247,1e+05,8.4590964021473e-09
141045895,"Cu","Zmays_RefGen_V4",8,140945895,141145895,NA,2e+05,1e+05,4.50137216673859e-12
148943735,"Mg","Zmays_RefGen_V4",8,148843735,149043735,NA,2e+05,1e+05,2.58577615022192e-07
149369518,"Fe","Zmays_RefGen_V4",8,149269518,149469518,NA,2e+05,1e+05,1.58172621577748e-05
149451570,"Cu","Zmays_RefGen_V4",8,149351570,149551570,NA,2e+05,1e+05,2.22079289991175e-05
149474535,"S","Zmays_RefGen_V4",8,149374535,149574535,NA,2e+05,1e+05,9.05018720559243e-09
152574258,"Fe","Zmays_RefGen_V4",8,152474258,152674258,NA,2e+05,1e+05,3.92538599706865e-06
154372702.25,"Cu","Zmays_RefGen_V4",8,154272170,154473587,NA,201417,1e+05,9.05155506382e-08
155132688,"Cu","Zmays_RefGen_V4",8,155032688,155232688,NA,2e+05,1e+05,6.49876238585949e-05
155245577,"Co","Zmays_RefGen_V4",8,155145577,155345577,NA,2e+05,1e+05,5.20281670212803e-17
157107002.5,"P","Zmays_RefGen_V4",8,157006934,157331263,NA,324329,1e+05,4.49648566774052e-08
158578211.210526,"Mn","Zmays_RefGen_V4",8,158459098,158694034,NA,234936,1e+05,1.11248158279795e-13
159897995.75,"P","Zmays_RefGen_V4",8,159797961,159998016,NA,200055,1e+05,1.2908812738329e-06
159904313.714286,"Rb","Zmays_RefGen_V4",8,159801627,160005217,NA,203590,1e+05,1.79265946630302e-12
164552915,"S","Zmays_RefGen_V4",8,164452915,164652915,NA,2e+05,1e+05,3.40353650786502e-07
164590110,"Fe","Zmays_RefGen_V4",8,164490081,164690751,NA,200670,1e+05,1.34631986619367e-06
166524725,"Co","Zmays_RefGen_V4",8,166424725,166624725,NA,2e+05,1e+05,1.31551234512432e-07
168890893.294118,"Co","Zmays_RefGen_V4",8,168790643,168991159,NA,200516,1e+05,5.78467536603806e-07
168996135,"Fe","Zmays_RefGen_V4",8,168896135,169096135,NA,2e+05,1e+05,3.77653447229871e-08
169561379,"Zn","Zmays_RefGen_V4",8,169461379,169661379,NA,2e+05,1e+05,5.21402658698002e-07
169615514,"S","Zmays_RefGen_V4",8,169515514,169715514,NA,2e+05,1e+05,1.48669672490752e-08
169618546,"As","Zmays_RefGen_V4",8,169518546,169718546,NA,2e+05,1e+05,3.00981504198959e-07
170145658.25,"Fe","Zmays_RefGen_V4",8,170045461,170245788,NA,200327,1e+05,2.05094465047043e-06
170419947,"S","Zmays_RefGen_V4",8,170319196,170632425,NA,313229,1e+05,5.52633939224328e-07
170537233,"Fe","Zmays_RefGen_V4",8,170437233,170766659,NA,329426,1e+05,4.1340303552723e-07
170756450.4,"S","Zmays_RefGen_V4",8,170655732,170857604,NA,201872,1e+05,5.38117548835996e-13
171683129.5,"Fe","Zmays_RefGen_V4",8,171582085,171925872,NA,343787,1e+05,2.9838836730469e-60
172324867,"Co","Zmays_RefGen_V4",8,172224867,172424867,NA,2e+05,1e+05,6.51767653070229e-15
173496194,"Fe","Zmays_RefGen_V4",8,173396194,173596194,NA,2e+05,1e+05,4.90037117099596e-05
173779094,"Fe","Zmays_RefGen_V4",8,173679094,173879094,NA,2e+05,1e+05,6.6100857051003e-07
173899186.6,"Co","Zmays_RefGen_V4",8,173756815,174089045,NA,332230,1e+05,1.3589925538868e-08
175596168,"K","Zmays_RefGen_V4",8,175495777,175696422,NA,200645,1e+05,2.33383823211965e-09
176004287,"Mn","Zmays_RefGen_V4",8,175904287,176104287,NA,2e+05,1e+05,6.18411319018103e-08
176648812,"Co","Zmays_RefGen_V4",8,176548812,176748812,NA,2e+05,1e+05,4.23127817556089e-32
176821681,"K","Zmays_RefGen_V4",8,176721681,176921681,NA,2e+05,1e+05,6.67961192622749e-05
177038827.714286,"Ni","Zmays_RefGen_V4",8,176936492,177139898,NA,203406,1e+05,3.92263011625056e-06
177059751,"Mn","Zmays_RefGen_V4",8,176959751,177159751,NA,2e+05,1e+05,7.72639413215138e-11
177522413,"Cu","Zmays_RefGen_V4",8,177422413,177622413,NA,2e+05,1e+05,8.08936794180395e-05
177679731,"K","Zmays_RefGen_V4",8,177579731,177779731,NA,2e+05,1e+05,3.07962834059525e-05
178106378.5,"Cu","Zmays_RefGen_V4",8,178006355,178206402,NA,200047,1e+05,1.91640364566843e-05
178287032,"K","Zmays_RefGen_V4",8,178187032,178387032,NA,2e+05,1e+05,7.39538337068022e-10
179033111.727273,"Ni","Zmays_RefGen_V4",8,178905532,179150109,NA,244577,1e+05,2.12835378045873e-05
179796037,"Co","Zmays_RefGen_V4",8,179696037,179896037,NA,2e+05,1e+05,2.87906581258133e-11
643892.333333333,"Co","Zmays_RefGen_V4",9,525927,750137,NA,224210,1e+05,4.21476235850029e-08
672065,"Ni","Zmays_RefGen_V4",9,572065,772065,NA,2e+05,1e+05,3.69983654852256e-06
958315,"Sr","Zmays_RefGen_V4",9,858315,1058315,NA,2e+05,1e+05,9.09537287151137e-08
1003160,"Ni","Zmays_RefGen_V4",9,903160,1225969,NA,322809,1e+05,1.12171021633124e-05
1367901,"Ni","Zmays_RefGen_V4",9,1267901,2033008,NA,765107,1e+05,2.40048603064128e-22
2186449,"Ni","Zmays_RefGen_V4",9,2086449,2510449,NA,424000,1e+05,2.36997803999526e-13
3537755,"Ni","Zmays_RefGen_V4",9,3437755,3637755,NA,2e+05,1e+05,1.1650281659881e-06
4694469,"Ca","Zmays_RefGen_V4",9,4594469,4794469,NA,2e+05,1e+05,1.29637520521998e-08
7295650,"Co","Zmays_RefGen_V4",9,7195650,7395650,NA,2e+05,1e+05,7.25136600778842e-18
7388338,"Ni","Zmays_RefGen_V4",9,7288338,7488338,NA,2e+05,1e+05,2.79684520622058e-06
8019257,"Ni","Zmays_RefGen_V4",9,7919257,8119257,NA,2e+05,1e+05,6.01639323751763e-05
9406302,"K","Zmays_RefGen_V4",9,9306302,9506302,NA,2e+05,1e+05,7.75263706509346e-07
13882320,"Rb","Zmays_RefGen_V4",9,13782320,13982320,NA,2e+05,1e+05,3.35450800568055e-09
14836179,"Cu","Zmays_RefGen_V4",9,14736179,14936179,NA,2e+05,1e+05,2.81540303697576e-07
15099567,"Co","Zmays_RefGen_V4",9,14999567,15199567,NA,2e+05,1e+05,2.45469779085432e-25
15654589,"K","Zmays_RefGen_V4",9,15554589,15754589,NA,2e+05,1e+05,4.23844736358388e-06
18791896,"B","Zmays_RefGen_V4",9,18691896,18891896,NA,2e+05,1e+05,3.79031514495113e-08
18827573.6666667,"P","Zmays_RefGen_V4",9,18727534,18927632,NA,200098,1e+05,2.07181238992347e-09
19080773,"P","Zmays_RefGen_V4",9,18980773,19252487,NA,271714,1e+05,1.40040902946733e-06
19151964.1515152,"Rb","Zmays_RefGen_V4",9,19050482,19252487,NA,202005,1e+05,3.86392583816976e-09
19795710,"K","Zmays_RefGen_V4",9,19695710,19909689,NA,213979,1e+05,1.10013321086555e-05
19932047,"P","Zmays_RefGen_V4",9,19832047,20032047,NA,2e+05,1e+05,6.48603791004062e-06
20210932,"P","Zmays_RefGen_V4",9,20110932,20493994,NA,383062,1e+05,1.97115647136079e-06
20249994,"Rb","Zmays_RefGen_V4",9,20149994,20349994,NA,2e+05,1e+05,1.41629354743024e-07
20480586.4285714,"Ca","Zmays_RefGen_V4",9,20379939,20581416,NA,201477,1e+05,8.49524548449315e-09
20675064,"P","Zmays_RefGen_V4",9,20575064,20947869,NA,372805,1e+05,1.02348929530873e-10
21139621,"P","Zmays_RefGen_V4",9,21039621,21263103,NA,223482,1e+05,8.704617934666e-05
31764009,"Ca","Zmays_RefGen_V4",9,31664009,31864009,NA,2e+05,1e+05,3.36813120819813e-12
68482429,"K","Zmays_RefGen_V4",9,68382429,68582429,NA,2e+05,1e+05,4.69730564534821e-05
76104752,"P","Zmays_RefGen_V4",9,76004752,76204752,NA,2e+05,1e+05,2.76831054406135e-05
91245122,"P","Zmays_RefGen_V4",9,91145063,91521768,NA,376705,1e+05,2.32721110321371e-07
100339858,"Co","Zmays_RefGen_V4",9,100239858,100439858,NA,2e+05,1e+05,8.79627837762764e-08
109193993.322034,"Cu","Zmays_RefGen_V4",9,109087355,109306489,NA,219134,1e+05,7.22794297088369e-09
111133552,"P","Zmays_RefGen_V4",9,111033552,111233552,NA,2e+05,1e+05,4.06362668574594e-09
111799202,"Sr","Zmays_RefGen_V4",9,111699202,111899202,NA,2e+05,1e+05,3.7097186661709e-09
113706456,"S","Zmays_RefGen_V4",9,113606456,113806456,NA,2e+05,1e+05,1.50254489841825e-05
115682102,"K","Zmays_RefGen_V4",9,115573734,115786993,NA,213259,1e+05,1.89206856925471e-05
116261609.444444,"Co","Zmays_RefGen_V4",9,116047582,116465559,NA,417977,1e+05,3.14160065562371e-12
116933062,"P","Zmays_RefGen_V4",9,116833062,117035860,NA,202798,1e+05,9.18815817503006e-07
119061049,"S","Zmays_RefGen_V4",9,118961049,119161049,NA,2e+05,1e+05,7.40149423932169e-07
121723899,"S","Zmays_RefGen_V4",9,121623696,121825077,NA,201381,1e+05,8.87230095352988e-07
123017447,"K","Zmays_RefGen_V4",9,122905655,123129239,NA,223584,1e+05,5.87239744860316e-06
123017447,"Rb","Zmays_RefGen_V4",9,122905655,123129239,NA,223584,1e+05,7.85796294598322e-09
130535007,"Fe","Zmays_RefGen_V4",9,130435007,130635007,NA,2e+05,1e+05,1.66642772270889e-06
130842723,"K","Zmays_RefGen_V4",9,130735713,130948133,NA,212420,1e+05,0.00124357871768025
131680430.956522,"S","Zmays_RefGen_V4",9,131579997,131780969,NA,200972,1e+05,3.81715574399406e-08
134020808,"Cu","Zmays_RefGen_V4",9,133920808,134120808,NA,2e+05,1e+05,1.24869600663423e-07
139394220,"Ca","Zmays_RefGen_V4",9,139294220,139577094,NA,282874,1e+05,2.39044064065359e-06
140346861,"Ca","Zmays_RefGen_V4",9,140246861,140446861,NA,2e+05,1e+05,4.74262893706531e-10
143535772,"Mn","Zmays_RefGen_V4",9,143435772,143644941,NA,209169,1e+05,9.77663731743798e-11
144778067,"Cu","Zmays_RefGen_V4",9,144678067,144878067,NA,2e+05,1e+05,2.60744911836094e-06
144997640,"Ca","Zmays_RefGen_V4",9,144897640,145097640,NA,2e+05,1e+05,1.27536913448333e-08
146962505,"Mn","Zmays_RefGen_V4",9,146862505,147062505,NA,2e+05,1e+05,7.48619270222581e-06
147626919,"Co","Zmays_RefGen_V4",9,147526919,147726919,NA,2e+05,1e+05,9.63201401117279e-83
148016186,"As","Zmays_RefGen_V4",9,147916186,148116186,NA,2e+05,1e+05,1.20827411066405e-05
148343019,"Mn","Zmays_RefGen_V4",9,148220239,148456902,NA,236663,1e+05,2.07975103179354e-06
149109524,"Mn","Zmays_RefGen_V4",9,149009524,149209524,NA,2e+05,1e+05,3.22687858270693e-08
149270968,"As","Zmays_RefGen_V4",9,149170968,149370968,NA,2e+05,1e+05,0.00054093183778164
150033514,"Co","Zmays_RefGen_V4",9,149933514,150266339,NA,332825,1e+05,5.21590370476391e-17
150496065,"Cu","Zmays_RefGen_V4",9,150396065,150596065,NA,2e+05,1e+05,3.50919049724856e-08
150674667.1,"Co","Zmays_RefGen_V4",9,150574039,150775190,NA,201151,1e+05,7.0963780209406e-34
150811046,"Mg","Zmays_RefGen_V4",9,150711046,150911046,NA,2e+05,1e+05,3.14973409141167e-11
151241811,"Mg","Zmays_RefGen_V4",9,151141811,151341811,NA,2e+05,1e+05,2.04828185356867e-05
152382745,"Mg","Zmays_RefGen_V4",9,152282745,152483831,NA,201086,1e+05,5.09042326511895e-09
152594486,"Fe","Zmays_RefGen_V4",9,152494486,152694486,NA,2e+05,1e+05,8.38253691740624e-09
152598410,"Mg","Zmays_RefGen_V4",9,152498410,152817453,NA,319043,1e+05,0.0001943604215892
152962853,"Mg","Zmays_RefGen_V4",9,152862853,153062853,NA,2e+05,1e+05,3.00346282511527e-06
153886694.5,"B","Zmays_RefGen_V4",9,153786679,153986710,NA,200031,1e+05,1.32813804281632e-06
153988975,"As","Zmays_RefGen_V4",9,153888975,154088975,NA,2e+05,1e+05,4.17392090294071e-08
154432607.8,"Sr","Zmays_RefGen_V4",9,154332327,154532708,NA,200381,1e+05,3.51215233569026e-06
155794789,"Mg","Zmays_RefGen_V4",9,155694789,155894789,NA,2e+05,1e+05,2.01537903797701e-09
156487957.666667,"K","Zmays_RefGen_V4",9,156352382,156614999,NA,262617,1e+05,4.59386111410949e-09
156768433,"Mo","Zmays_RefGen_V4",9,156668433,156868433,NA,2e+05,1e+05,2.51694566174569e-06
157569049,"Rb","Zmays_RefGen_V4",9,157469049,157669049,NA,2e+05,1e+05,1.1618993938818e-06
158663376.6,"Mo","Zmays_RefGen_V4",9,158561432,158765839,NA,204407,1e+05,4.1401944045059e-07
159474215.823529,"Co","Zmays_RefGen_V4",9,159204267,159774154,NA,569887,1e+05,2.62525466697661e-10
553739,"Ca","Zmays_RefGen_V4",10,453739,653739,NA,2e+05,1e+05,9.00587243853742e-05
1783340.66666667,"P","Zmays_RefGen_V4",10,1683305,1883393,NA,200088,1e+05,2.93258300840089e-06
2710519.26315789,"Mn","Zmays_RefGen_V4",10,2544260,2843062,NA,298802,1e+05,7.01362809003992e-06
4027268,"Mo","Zmays_RefGen_V4",10,3927268,4127268,NA,2e+05,1e+05,1.58336045371403e-07
4292671.08333333,"Co","Zmays_RefGen_V4",10,4190963,4393691,NA,202728,1e+05,1.61864362764246e-24
4678167.11111111,"Co","Zmays_RefGen_V4",10,4575548,4780207,NA,204659,1e+05,2.22140863343327e-07
5314522,"As","Zmays_RefGen_V4",10,5214522,5414522,NA,2e+05,1e+05,4.48864335656444e-06
6204873,"Mo","Zmays_RefGen_V4",10,6104873,6304873,NA,2e+05,1e+05,2.7047547946408e-09
6270622,"As","Zmays_RefGen_V4",10,5993155,6390540,NA,397385,1e+05,3.57743852861258e-13
9596248,"Mo","Zmays_RefGen_V4",10,9496248,9696248,NA,2e+05,1e+05,0.00038741357527133
10217820,"Co","Zmays_RefGen_V4",10,10117820,10317820,NA,2e+05,1e+05,2.51436317836419e-09
10657668,"Ni","Zmays_RefGen_V4",10,10557668,10757668,NA,2e+05,1e+05,1.74883796420007e-08
33665506.3,"Fe","Zmays_RefGen_V4",10,33169691,34259972,NA,1090281,1e+05,2.10433593046521e-10
71897814,"Zn","Zmays_RefGen_V4",10,71797814,71997814,NA,2e+05,1e+05,3.80415367560963e-12
85141733.8695652,"Co","Zmays_RefGen_V4",10,84660644,85269991,NA,609347,1e+05,3.91706989893679e-08
94442907,"Mn","Zmays_RefGen_V4",10,94342907,94542907,NA,2e+05,1e+05,1.7602446620883e-06
103515131,"Zn","Zmays_RefGen_V4",10,103415131,103615131,NA,2e+05,1e+05,5.2699614361951e-08
124670112.833333,"Mn","Zmays_RefGen_V4",10,124527688,124779368,NA,251680,1e+05,1.38090788474268e-08
125400376,"Zn","Zmays_RefGen_V4",10,125300376,125500376,NA,2e+05,1e+05,2.93372510985892e-07
131052399,"Ca","Zmays_RefGen_V4",10,130952399,131152399,NA,2e+05,1e+05,1.10323607967276e-07
133181979,"P","Zmays_RefGen_V4",10,133081979,133281979,NA,2e+05,1e+05,8.95543095502582e-10
133861249,"Cu","Zmays_RefGen_V4",10,133761249,133961249,NA,2e+05,1e+05,0.00134762875034784
134991535,"Cu","Zmays_RefGen_V4",10,134891535,135091535,NA,2e+05,1e+05,0.00011378780891631
138550372,"Cu","Zmays_RefGen_V4",10,138450372,138650372,NA,2e+05,1e+05,1.1444805733047e-07
138567888.666667,"Ca","Zmays_RefGen_V4",10,138467855,138667943,NA,200088,1e+05,3.80545487951859e-07
139642502,"Cu","Zmays_RefGen_V4",10,139542502,139742502,NA,2e+05,1e+05,1.08615134623632e-07
142319698,"Zn","Zmays_RefGen_V4",10,142219698,142419698,NA,2e+05,1e+05,4.82604422769318e-06
143210957.5,"Fe","Zmays_RefGen_V4",10,143110841,143311074,NA,200233,1e+05,1.00331453427183e-06
143632125,"Fe","Zmays_RefGen_V4",10,143532125,143732125,NA,2e+05,1e+05,7.10472989171183e-08
144129319,"Ni","Zmays_RefGen_V4",10,144029319,144229319,NA,2e+05,1e+05,2.36558748555498e-05
144308088.5,"Cu","Zmays_RefGen_V4",10,144206639,144409538,NA,202899,1e+05,7.86064262048022e-07
145205370,"Zn","Zmays_RefGen_V4",10,145105370,145305370,NA,2e+05,1e+05,2.61977183030586e-07
145404658,"S","Zmays_RefGen_V4",10,145304658,145504658,NA,2e+05,1e+05,1.10879900895209e-06
145641372.5,"K","Zmays_RefGen_V4",10,145541372,145813197,NA,271825,1e+05,4.09666682616416e-05
146489531,"K","Zmays_RefGen_V4",10,146389531,146589531,NA,2e+05,1e+05,1.38218691009528e-10
146959765,"K","Zmays_RefGen_V4",10,146859765,147059765,NA,2e+05,1e+05,0.00519559843418675
148055693.666667,"Fe","Zmays_RefGen_V4",10,147955026,148156028,NA,201002,1e+05,6.5834156716051e-07
148135309.333333,"Mn","Zmays_RefGen_V4",10,148034940,148235763,NA,200823,1e+05,7.09976254245233e-06
149007677,"S","Zmays_RefGen_V4",10,148907665,149107689,NA,200024,1e+05,7.25147670768509e-08
149366559,"Fe","Zmays_RefGen_V4",10,149266559,149466559,NA,2e+05,1e+05,7.43918190321926e-07
149606528.333333,"Co","Zmays_RefGen_V4",10,149504421,149709278,NA,204857,1e+05,1.28234923862741e-34
149627256.666667,"S","Zmays_RefGen_V4",10,149527202,149727287,NA,200085,1e+05,2.6025780342299e-06
149745399,"Fe","Zmays_RefGen_V4",10,149645351,149845799,NA,200448,1e+05,8.2894386056088e-09
150102063,"Fe","Zmays_RefGen_V4",10,150002063,150202063,NA,2e+05,1e+05,1.7646584030198e-05
150599923.434783,"As","Zmays_RefGen_V4",10,150292362,150864786,NA,572424,1e+05,2.39401727637248e-07
